Facility,Full Lockdown,Partial Lockdown,Date,Time,Shift
big muddy river correctional center,0,0,2025-09-21,2025-09-21 00:27:47.449280-04:00,Shift 1
centralia correctional center,0,0,2025-09-21,2025-09-21 00:27:47.449280-04:00,Shift 1
danville correctional center,0,0,2025-09-21,2025-09-21 00:27:47.449280-04:00,Shift 1
decatur correctional center,0,0,2025-09-21,2025-09-21 00:27:47.449280-04:00,Shift 1
dixon correctional center,0,0,2025-09-21,2025-09-21 00:27:47.449280-04:00,Shift 1
east moline correctional center,0,0,2025-09-21,2025-09-21 00:27:47.449280-04:00,Shift 1
graham correctional center,1,0,2025-09-21,2025-09-21 00:27:47.449280-04:00,Shift 1
hill correctional center,1,0,2025-09-21,2025-09-21 00:27:47.449280-04:00,Shift 1
illinois river correctional center,0,0,2025-09-21,2025-09-21 00:27:47.449280-04:00,Shift 1
jacksonville correctional center,0,0,2025-09-21,2025-09-21 00:27:47.449280-04:00,Shift 1
lawrence correctional center,0,0,2025-09-21,2025-09-21 00:27:47.449280-04:00,Shift 1
lincoln correctional center,0,0,2025-09-21,2025-09-21 00:27:47.449280-04:00,Shift 1
logan correctional center,0,0,2025-09-21,2025-09-21 00:27:47.449280-04:00,Shift 1
menard correctional center,0,0,2025-09-21,2025-09-21 00:27:47.449280-04:00,Shift 1
pinckneyville correctional center,0,0,2025-09-21,2025-09-21 00:27:47.449280-04:00,Shift 1
joliet treatment center,0,0,2025-09-21,2025-09-21 00:27:47.449280-04:00,Shift 1
robinson correctional center,0,0,2025-09-21,2025-09-21 00:27:47.449280-04:00,Shift 1
shawnee correctional center,0,0,2025-09-21,2025-09-21 00:27:47.449280-04:00,Shift 1
sheridan correctional center,0,0,2025-09-21,2025-09-21 00:27:47.449280-04:00,Shift 1
southwestern illinois correctional center,0,0,2025-09-21,2025-09-21 00:27:47.449280-04:00,Shift 1
stateville correctional center,0,0,2025-09-21,2025-09-21 00:27:47.449280-04:00,Shift 1
taylorville correctional center,0,0,2025-09-21,2025-09-21 00:27:47.449280-04:00,Shift 1
vandalia correctional center,0,0,2025-09-21,2025-09-21 00:27:47.449280-04:00,Shift 1
vienna correctional center,0,0,2025-09-21,2025-09-21 00:27:47.449280-04:00,Shift 1
western illinois correctional center,0,0,2025-09-21,2025-09-21 00:27:47.449280-04:00,Shift 1
big muddy river correctional center,0,0,2025-09-21,2025-09-21 01:22:24.905758-04:00,Shift 1
centralia correctional center,0,0,2025-09-21,2025-09-21 01:22:24.905758-04:00,Shift 1
danville correctional center,0,0,2025-09-21,2025-09-21 01:22:24.905758-04:00,Shift 1
decatur correctional center,0,0,2025-09-21,2025-09-21 01:22:24.905758-04:00,Shift 1
dixon correctional center,0,0,2025-09-21,2025-09-21 01:22:24.905758-04:00,Shift 1
east moline correctional center,0,0,2025-09-21,2025-09-21 01:22:24.905758-04:00,Shift 1
graham correctional center,1,0,2025-09-21,2025-09-21 01:22:24.905758-04:00,Shift 1
hill correctional center,1,0,2025-09-21,2025-09-21 01:22:24.905758-04:00,Shift 1
illinois river correctional center,0,0,2025-09-21,2025-09-21 01:22:24.905758-04:00,Shift 1
jacksonville correctional center,0,0,2025-09-21,2025-09-21 01:22:24.905758-04:00,Shift 1
lawrence correctional center,0,0,2025-09-21,2025-09-21 01:22:24.905758-04:00,Shift 1
lincoln correctional center,0,0,2025-09-21,2025-09-21 01:22:24.905758-04:00,Shift 1
logan correctional center,0,0,2025-09-21,2025-09-21 01:22:24.905758-04:00,Shift 1
menard correctional center,0,0,2025-09-21,2025-09-21 01:22:24.905758-04:00,Shift 1
pinckneyville correctional center,0,0,2025-09-21,2025-09-21 01:22:24.905758-04:00,Shift 1
joliet treatment center,0,0,2025-09-21,2025-09-21 01:22:24.905758-04:00,Shift 1
robinson correctional center,0,0,2025-09-21,2025-09-21 01:22:24.905758-04:00,Shift 1
shawnee correctional center,0,0,2025-09-21,2025-09-21 01:22:24.905758-04:00,Shift 1
sheridan correctional center,0,0,2025-09-21,2025-09-21 01:22:24.905758-04:00,Shift 1
southwestern illinois correctional center,0,0,2025-09-21,2025-09-21 01:22:24.905758-04:00,Shift 1
stateville correctional center,0,0,2025-09-21,2025-09-21 01:22:24.905758-04:00,Shift 1
taylorville correctional center,0,0,2025-09-21,2025-09-21 01:22:24.905758-04:00,Shift 1
vandalia correctional center,0,0,2025-09-21,2025-09-21 01:22:24.905758-04:00,Shift 1
vienna correctional center,0,0,2025-09-21,2025-09-21 01:22:24.905758-04:00,Shift 1
western illinois correctional center,0,0,2025-09-21,2025-09-21 01:22:24.905758-04:00,Shift 1
big muddy river correctional center,0,0,2025-09-21,2025-09-21 02:34:01.269739-04:00,Shift 1
centralia correctional center,0,0,2025-09-21,2025-09-21 02:34:01.269739-04:00,Shift 1
danville correctional center,0,0,2025-09-21,2025-09-21 02:34:01.269739-04:00,Shift 1
decatur correctional center,0,0,2025-09-21,2025-09-21 02:34:01.269739-04:00,Shift 1
dixon correctional center,0,0,2025-09-21,2025-09-21 02:34:01.269739-04:00,Shift 1
east moline correctional center,0,0,2025-09-21,2025-09-21 02:34:01.269739-04:00,Shift 1
graham correctional center,1,0,2025-09-21,2025-09-21 02:34:01.269739-04:00,Shift 1
hill correctional center,1,0,2025-09-21,2025-09-21 02:34:01.269739-04:00,Shift 1
illinois river correctional center,0,0,2025-09-21,2025-09-21 02:34:01.269739-04:00,Shift 1
jacksonville correctional center,0,0,2025-09-21,2025-09-21 02:34:01.269739-04:00,Shift 1
lawrence correctional center,0,0,2025-09-21,2025-09-21 02:34:01.269739-04:00,Shift 1
lincoln correctional center,0,0,2025-09-21,2025-09-21 02:34:01.269739-04:00,Shift 1
logan correctional center,0,0,2025-09-21,2025-09-21 02:34:01.269739-04:00,Shift 1
menard correctional center,0,0,2025-09-21,2025-09-21 02:34:01.269739-04:00,Shift 1
pinckneyville correctional center,0,0,2025-09-21,2025-09-21 02:34:01.269739-04:00,Shift 1
joliet treatment center,0,0,2025-09-21,2025-09-21 02:34:01.269739-04:00,Shift 1
robinson correctional center,0,0,2025-09-21,2025-09-21 02:34:01.269739-04:00,Shift 1
shawnee correctional center,0,0,2025-09-21,2025-09-21 02:34:01.269739-04:00,Shift 1
sheridan correctional center,0,0,2025-09-21,2025-09-21 02:34:01.269739-04:00,Shift 1
southwestern illinois correctional center,0,0,2025-09-21,2025-09-21 02:34:01.269739-04:00,Shift 1
stateville correctional center,0,0,2025-09-21,2025-09-21 02:34:01.269739-04:00,Shift 1
taylorville correctional center,0,0,2025-09-21,2025-09-21 02:34:01.269739-04:00,Shift 1
vandalia correctional center,0,0,2025-09-21,2025-09-21 02:34:01.269739-04:00,Shift 1
vienna correctional center,0,0,2025-09-21,2025-09-21 02:34:01.269739-04:00,Shift 1
western illinois correctional center,0,0,2025-09-21,2025-09-21 02:34:01.269739-04:00,Shift 1
big muddy river correctional center,0,0,2025-09-21,2025-09-21 03:19:29.722619-04:00,Shift 1
centralia correctional center,0,0,2025-09-21,2025-09-21 03:19:29.722619-04:00,Shift 1
danville correctional center,0,0,2025-09-21,2025-09-21 03:19:29.722619-04:00,Shift 1
decatur correctional center,0,0,2025-09-21,2025-09-21 03:19:29.722619-04:00,Shift 1
dixon correctional center,0,0,2025-09-21,2025-09-21 03:19:29.722619-04:00,Shift 1
east moline correctional center,0,0,2025-09-21,2025-09-21 03:19:29.722619-04:00,Shift 1
graham correctional center,1,0,2025-09-21,2025-09-21 03:19:29.722619-04:00,Shift 1
hill correctional center,1,0,2025-09-21,2025-09-21 03:19:29.722619-04:00,Shift 1
illinois river correctional center,0,0,2025-09-21,2025-09-21 03:19:29.722619-04:00,Shift 1
jacksonville correctional center,0,0,2025-09-21,2025-09-21 03:19:29.722619-04:00,Shift 1
lawrence correctional center,0,0,2025-09-21,2025-09-21 03:19:29.722619-04:00,Shift 1
lincoln correctional center,0,0,2025-09-21,2025-09-21 03:19:29.722619-04:00,Shift 1
logan correctional center,0,0,2025-09-21,2025-09-21 03:19:29.722619-04:00,Shift 1
menard correctional center,0,0,2025-09-21,2025-09-21 03:19:29.722619-04:00,Shift 1
pinckneyville correctional center,0,0,2025-09-21,2025-09-21 03:19:29.722619-04:00,Shift 1
joliet treatment center,0,0,2025-09-21,2025-09-21 03:19:29.722619-04:00,Shift 1
robinson correctional center,0,0,2025-09-21,2025-09-21 03:19:29.722619-04:00,Shift 1
shawnee correctional center,0,0,2025-09-21,2025-09-21 03:19:29.722619-04:00,Shift 1
sheridan correctional center,0,0,2025-09-21,2025-09-21 03:19:29.722619-04:00,Shift 1
southwestern illinois correctional center,0,0,2025-09-21,2025-09-21 03:19:29.722619-04:00,Shift 1
stateville correctional center,0,0,2025-09-21,2025-09-21 03:19:29.722619-04:00,Shift 1
taylorville correctional center,0,0,2025-09-21,2025-09-21 03:19:29.722619-04:00,Shift 1
vandalia correctional center,0,0,2025-09-21,2025-09-21 03:19:29.722619-04:00,Shift 1
vienna correctional center,0,0,2025-09-21,2025-09-21 03:19:29.722619-04:00,Shift 1
western illinois correctional center,0,0,2025-09-21,2025-09-21 03:19:29.722619-04:00,Shift 1
big muddy river correctional center,0,0,2025-09-21,2025-09-21 04:26:57.009119-04:00,Shift 1
centralia correctional center,0,0,2025-09-21,2025-09-21 04:26:57.009119-04:00,Shift 1
danville correctional center,0,0,2025-09-21,2025-09-21 04:26:57.009119-04:00,Shift 1
decatur correctional center,0,0,2025-09-21,2025-09-21 04:26:57.009119-04:00,Shift 1
dixon correctional center,0,0,2025-09-21,2025-09-21 04:26:57.009119-04:00,Shift 1
east moline correctional center,0,0,2025-09-21,2025-09-21 04:26:57.009119-04:00,Shift 1
graham correctional center,1,0,2025-09-21,2025-09-21 04:26:57.009119-04:00,Shift 1
hill correctional center,1,0,2025-09-21,2025-09-21 04:26:57.009119-04:00,Shift 1
illinois river correctional center,0,0,2025-09-21,2025-09-21 04:26:57.009119-04:00,Shift 1
jacksonville correctional center,0,0,2025-09-21,2025-09-21 04:26:57.009119-04:00,Shift 1
lawrence correctional center,0,0,2025-09-21,2025-09-21 04:26:57.009119-04:00,Shift 1
lincoln correctional center,0,0,2025-09-21,2025-09-21 04:26:57.009119-04:00,Shift 1
logan correctional center,0,0,2025-09-21,2025-09-21 04:26:57.009119-04:00,Shift 1
menard correctional center,0,0,2025-09-21,2025-09-21 04:26:57.009119-04:00,Shift 1
pinckneyville correctional center,0,0,2025-09-21,2025-09-21 04:26:57.009119-04:00,Shift 1
joliet treatment center,0,0,2025-09-21,2025-09-21 04:26:57.009119-04:00,Shift 1
robinson correctional center,0,0,2025-09-21,2025-09-21 04:26:57.009119-04:00,Shift 1
shawnee correctional center,0,0,2025-09-21,2025-09-21 04:26:57.009119-04:00,Shift 1
sheridan correctional center,0,0,2025-09-21,2025-09-21 04:26:57.009119-04:00,Shift 1
southwestern illinois correctional center,0,0,2025-09-21,2025-09-21 04:26:57.009119-04:00,Shift 1
stateville correctional center,0,0,2025-09-21,2025-09-21 04:26:57.009119-04:00,Shift 1
taylorville correctional center,0,0,2025-09-21,2025-09-21 04:26:57.009119-04:00,Shift 1
vandalia correctional center,0,0,2025-09-21,2025-09-21 04:26:57.009119-04:00,Shift 1
vienna correctional center,0,0,2025-09-21,2025-09-21 04:26:57.009119-04:00,Shift 1
western illinois correctional center,0,0,2025-09-21,2025-09-21 04:26:57.009119-04:00,Shift 1
big muddy river correctional center,0,0,2025-09-21,2025-09-21 05:21:19.144538-04:00,Shift 1
centralia correctional center,0,0,2025-09-21,2025-09-21 05:21:19.144538-04:00,Shift 1
danville correctional center,0,0,2025-09-21,2025-09-21 05:21:19.144538-04:00,Shift 1
decatur correctional center,0,0,2025-09-21,2025-09-21 05:21:19.144538-04:00,Shift 1
dixon correctional center,0,0,2025-09-21,2025-09-21 05:21:19.144538-04:00,Shift 1
east moline correctional center,0,0,2025-09-21,2025-09-21 05:21:19.144538-04:00,Shift 1
graham correctional center,1,0,2025-09-21,2025-09-21 05:21:19.144538-04:00,Shift 1
hill correctional center,1,0,2025-09-21,2025-09-21 05:21:19.144538-04:00,Shift 1
illinois river correctional center,0,0,2025-09-21,2025-09-21 05:21:19.144538-04:00,Shift 1
jacksonville correctional center,0,0,2025-09-21,2025-09-21 05:21:19.144538-04:00,Shift 1
lawrence correctional center,0,0,2025-09-21,2025-09-21 05:21:19.144538-04:00,Shift 1
lincoln correctional center,0,0,2025-09-21,2025-09-21 05:21:19.144538-04:00,Shift 1
logan correctional center,0,0,2025-09-21,2025-09-21 05:21:19.144538-04:00,Shift 1
menard correctional center,0,0,2025-09-21,2025-09-21 05:21:19.144538-04:00,Shift 1
pinckneyville correctional center,0,0,2025-09-21,2025-09-21 05:21:19.144538-04:00,Shift 1
joliet treatment center,0,0,2025-09-21,2025-09-21 05:21:19.144538-04:00,Shift 1
robinson correctional center,0,0,2025-09-21,2025-09-21 05:21:19.144538-04:00,Shift 1
shawnee correctional center,0,0,2025-09-21,2025-09-21 05:21:19.144538-04:00,Shift 1
sheridan correctional center,0,0,2025-09-21,2025-09-21 05:21:19.144538-04:00,Shift 1
southwestern illinois correctional center,0,0,2025-09-21,2025-09-21 05:21:19.144538-04:00,Shift 1
stateville correctional center,0,0,2025-09-21,2025-09-21 05:21:19.144538-04:00,Shift 1
taylorville correctional center,0,0,2025-09-21,2025-09-21 05:21:19.144538-04:00,Shift 1
vandalia correctional center,0,0,2025-09-21,2025-09-21 05:21:19.144538-04:00,Shift 1
vienna correctional center,0,0,2025-09-21,2025-09-21 05:21:19.144538-04:00,Shift 1
western illinois correctional center,0,0,2025-09-21,2025-09-21 05:21:19.144538-04:00,Shift 1
big muddy river correctional center,0,0,2025-09-21,2025-09-21 06:22:27.840979-04:00,Shift 1
centralia correctional center,0,0,2025-09-21,2025-09-21 06:22:27.840979-04:00,Shift 1
danville correctional center,0,0,2025-09-21,2025-09-21 06:22:27.840979-04:00,Shift 1
decatur correctional center,0,0,2025-09-21,2025-09-21 06:22:27.840979-04:00,Shift 1
dixon correctional center,0,0,2025-09-21,2025-09-21 06:22:27.840979-04:00,Shift 1
east moline correctional center,0,0,2025-09-21,2025-09-21 06:22:27.840979-04:00,Shift 1
graham correctional center,1,0,2025-09-21,2025-09-21 06:22:27.840979-04:00,Shift 1
hill correctional center,1,0,2025-09-21,2025-09-21 06:22:27.840979-04:00,Shift 1
illinois river correctional center,0,0,2025-09-21,2025-09-21 06:22:27.840979-04:00,Shift 1
jacksonville correctional center,0,0,2025-09-21,2025-09-21 06:22:27.840979-04:00,Shift 1
lawrence correctional center,0,0,2025-09-21,2025-09-21 06:22:27.840979-04:00,Shift 1
lincoln correctional center,0,0,2025-09-21,2025-09-21 06:22:27.840979-04:00,Shift 1
logan correctional center,0,0,2025-09-21,2025-09-21 06:22:27.840979-04:00,Shift 1
menard correctional center,0,0,2025-09-21,2025-09-21 06:22:27.840979-04:00,Shift 1
pinckneyville correctional center,0,0,2025-09-21,2025-09-21 06:22:27.840979-04:00,Shift 1
joliet treatment center,0,0,2025-09-21,2025-09-21 06:22:27.840979-04:00,Shift 1
robinson correctional center,0,0,2025-09-21,2025-09-21 06:22:27.840979-04:00,Shift 1
shawnee correctional center,0,0,2025-09-21,2025-09-21 06:22:27.840979-04:00,Shift 1
sheridan correctional center,0,0,2025-09-21,2025-09-21 06:22:27.840979-04:00,Shift 1
southwestern illinois correctional center,0,0,2025-09-21,2025-09-21 06:22:27.840979-04:00,Shift 1
stateville correctional center,0,0,2025-09-21,2025-09-21 06:22:27.840979-04:00,Shift 1
taylorville correctional center,0,0,2025-09-21,2025-09-21 06:22:27.840979-04:00,Shift 1
vandalia correctional center,0,0,2025-09-21,2025-09-21 06:22:27.840979-04:00,Shift 1
vienna correctional center,0,0,2025-09-21,2025-09-21 06:22:27.840979-04:00,Shift 1
western illinois correctional center,0,0,2025-09-21,2025-09-21 06:22:27.840979-04:00,Shift 1
big muddy river correctional center,0,0,2025-09-21,2025-09-21 07:17:24.007894-04:00,Shift 1
centralia correctional center,0,0,2025-09-21,2025-09-21 07:17:24.007894-04:00,Shift 1
danville correctional center,0,0,2025-09-21,2025-09-21 07:17:24.007894-04:00,Shift 1
decatur correctional center,0,0,2025-09-21,2025-09-21 07:17:24.007894-04:00,Shift 1
dixon correctional center,0,0,2025-09-21,2025-09-21 07:17:24.007894-04:00,Shift 1
east moline correctional center,0,0,2025-09-21,2025-09-21 07:17:24.007894-04:00,Shift 1
graham correctional center,1,0,2025-09-21,2025-09-21 07:17:24.007894-04:00,Shift 1
hill correctional center,1,0,2025-09-21,2025-09-21 07:17:24.007894-04:00,Shift 1
illinois river correctional center,0,0,2025-09-21,2025-09-21 07:17:24.007894-04:00,Shift 1
jacksonville correctional center,0,0,2025-09-21,2025-09-21 07:17:24.007894-04:00,Shift 1
lawrence correctional center,0,0,2025-09-21,2025-09-21 07:17:24.007894-04:00,Shift 1
lincoln correctional center,0,0,2025-09-21,2025-09-21 07:17:24.007894-04:00,Shift 1
logan correctional center,0,0,2025-09-21,2025-09-21 07:17:24.007894-04:00,Shift 1
menard correctional center,0,0,2025-09-21,2025-09-21 07:17:24.007894-04:00,Shift 1
pinckneyville correctional center,0,0,2025-09-21,2025-09-21 07:17:24.007894-04:00,Shift 1
joliet treatment center,0,0,2025-09-21,2025-09-21 07:17:24.007894-04:00,Shift 1
robinson correctional center,0,0,2025-09-21,2025-09-21 07:17:24.007894-04:00,Shift 1
shawnee correctional center,0,0,2025-09-21,2025-09-21 07:17:24.007894-04:00,Shift 1
sheridan correctional center,0,0,2025-09-21,2025-09-21 07:17:24.007894-04:00,Shift 1
southwestern illinois correctional center,0,0,2025-09-21,2025-09-21 07:17:24.007894-04:00,Shift 1
stateville correctional center,0,0,2025-09-21,2025-09-21 07:17:24.007894-04:00,Shift 1
taylorville correctional center,0,0,2025-09-21,2025-09-21 07:17:24.007894-04:00,Shift 1
vandalia correctional center,0,0,2025-09-21,2025-09-21 07:17:24.007894-04:00,Shift 1
vienna correctional center,0,0,2025-09-21,2025-09-21 07:17:24.007894-04:00,Shift 1
western illinois correctional center,0,0,2025-09-21,2025-09-21 07:17:24.007894-04:00,Shift 1
big muddy river correctional center,0,0,2025-09-21,2025-09-21 08:43:34.680084-04:00,Shift 2
centralia correctional center,0,0,2025-09-21,2025-09-21 08:43:34.680084-04:00,Shift 2
danville correctional center,0,0,2025-09-21,2025-09-21 08:43:34.680084-04:00,Shift 2
decatur correctional center,0,0,2025-09-21,2025-09-21 08:43:34.680084-04:00,Shift 2
dixon correctional center,0,0,2025-09-21,2025-09-21 08:43:34.680084-04:00,Shift 2
east moline correctional center,0,0,2025-09-21,2025-09-21 08:43:34.680084-04:00,Shift 2
graham correctional center,1,0,2025-09-21,2025-09-21 08:43:34.680084-04:00,Shift 2
hill correctional center,0,0,2025-09-21,2025-09-21 08:43:34.680084-04:00,Shift 2
illinois river correctional center,0,0,2025-09-21,2025-09-21 08:43:34.680084-04:00,Shift 2
jacksonville correctional center,0,0,2025-09-21,2025-09-21 08:43:34.680084-04:00,Shift 2
lawrence correctional center,0,0,2025-09-21,2025-09-21 08:43:34.680084-04:00,Shift 2
lincoln correctional center,0,0,2025-09-21,2025-09-21 08:43:34.680084-04:00,Shift 2
logan correctional center,0,0,2025-09-21,2025-09-21 08:43:34.680084-04:00,Shift 2
menard correctional center,0,0,2025-09-21,2025-09-21 08:43:34.680084-04:00,Shift 2
pinckneyville correctional center,0,0,2025-09-21,2025-09-21 08:43:34.680084-04:00,Shift 2
joliet treatment center,0,0,2025-09-21,2025-09-21 08:43:34.680084-04:00,Shift 2
robinson correctional center,0,0,2025-09-21,2025-09-21 08:43:34.680084-04:00,Shift 2
shawnee correctional center,0,0,2025-09-21,2025-09-21 08:43:34.680084-04:00,Shift 2
sheridan correctional center,0,0,2025-09-21,2025-09-21 08:43:34.680084-04:00,Shift 2
southwestern illinois correctional center,0,0,2025-09-21,2025-09-21 08:43:34.680084-04:00,Shift 2
stateville correctional center,0,0,2025-09-21,2025-09-21 08:43:34.680084-04:00,Shift 2
taylorville correctional center,0,0,2025-09-21,2025-09-21 08:43:34.680084-04:00,Shift 2
vandalia correctional center,0,0,2025-09-21,2025-09-21 08:43:34.680084-04:00,Shift 2
vienna correctional center,0,0,2025-09-21,2025-09-21 08:43:34.680084-04:00,Shift 2
western illinois correctional center,0,0,2025-09-21,2025-09-21 08:43:34.680084-04:00,Shift 2
big muddy river correctional center,0,0,2025-09-21,2025-09-21 09:25:44.355532-04:00,Shift 2
centralia correctional center,0,0,2025-09-21,2025-09-21 09:25:44.355532-04:00,Shift 2
danville correctional center,0,0,2025-09-21,2025-09-21 09:25:44.355532-04:00,Shift 2
decatur correctional center,0,0,2025-09-21,2025-09-21 09:25:44.355532-04:00,Shift 2
dixon correctional center,0,0,2025-09-21,2025-09-21 09:25:44.355532-04:00,Shift 2
east moline correctional center,0,0,2025-09-21,2025-09-21 09:25:44.355532-04:00,Shift 2
graham correctional center,1,0,2025-09-21,2025-09-21 09:25:44.355532-04:00,Shift 2
hill correctional center,0,0,2025-09-21,2025-09-21 09:25:44.355532-04:00,Shift 2
illinois river correctional center,0,0,2025-09-21,2025-09-21 09:25:44.355532-04:00,Shift 2
jacksonville correctional center,0,0,2025-09-21,2025-09-21 09:25:44.355532-04:00,Shift 2
lawrence correctional center,0,0,2025-09-21,2025-09-21 09:25:44.355532-04:00,Shift 2
lincoln correctional center,0,0,2025-09-21,2025-09-21 09:25:44.355532-04:00,Shift 2
logan correctional center,0,0,2025-09-21,2025-09-21 09:25:44.355532-04:00,Shift 2
menard correctional center,0,0,2025-09-21,2025-09-21 09:25:44.355532-04:00,Shift 2
pinckneyville correctional center,0,0,2025-09-21,2025-09-21 09:25:44.355532-04:00,Shift 2
joliet treatment center,0,0,2025-09-21,2025-09-21 09:25:44.355532-04:00,Shift 2
robinson correctional center,0,0,2025-09-21,2025-09-21 09:25:44.355532-04:00,Shift 2
shawnee correctional center,0,0,2025-09-21,2025-09-21 09:25:44.355532-04:00,Shift 2
sheridan correctional center,0,0,2025-09-21,2025-09-21 09:25:44.355532-04:00,Shift 2
southwestern illinois correctional center,0,0,2025-09-21,2025-09-21 09:25:44.355532-04:00,Shift 2
stateville correctional center,0,0,2025-09-21,2025-09-21 09:25:44.355532-04:00,Shift 2
taylorville correctional center,0,0,2025-09-21,2025-09-21 09:25:44.355532-04:00,Shift 2
vandalia correctional center,0,0,2025-09-21,2025-09-21 09:25:44.355532-04:00,Shift 2
vienna correctional center,0,0,2025-09-21,2025-09-21 09:25:44.355532-04:00,Shift 2
western illinois correctional center,0,0,2025-09-21,2025-09-21 09:25:44.355532-04:00,Shift 2
big muddy river correctional center,0,0,2025-09-21,2025-09-21 10:20:04.553840-04:00,Shift 2
centralia correctional center,0,0,2025-09-21,2025-09-21 10:20:04.553840-04:00,Shift 2
danville correctional center,0,0,2025-09-21,2025-09-21 10:20:04.553840-04:00,Shift 2
decatur correctional center,0,0,2025-09-21,2025-09-21 10:20:04.553840-04:00,Shift 2
dixon correctional center,0,0,2025-09-21,2025-09-21 10:20:04.553840-04:00,Shift 2
east moline correctional center,0,0,2025-09-21,2025-09-21 10:20:04.553840-04:00,Shift 2
graham correctional center,1,0,2025-09-21,2025-09-21 10:20:04.553840-04:00,Shift 2
hill correctional center,0,0,2025-09-21,2025-09-21 10:20:04.553840-04:00,Shift 2
illinois river correctional center,0,0,2025-09-21,2025-09-21 10:20:04.553840-04:00,Shift 2
jacksonville correctional center,0,0,2025-09-21,2025-09-21 10:20:04.553840-04:00,Shift 2
lawrence correctional center,0,0,2025-09-21,2025-09-21 10:20:04.553840-04:00,Shift 2
lincoln correctional center,0,0,2025-09-21,2025-09-21 10:20:04.553840-04:00,Shift 2
logan correctional center,0,1,2025-09-21,2025-09-21 10:20:04.553840-04:00,Shift 2
menard correctional center,0,0,2025-09-21,2025-09-21 10:20:04.553840-04:00,Shift 2
pinckneyville correctional center,0,0,2025-09-21,2025-09-21 10:20:04.553840-04:00,Shift 2
joliet treatment center,0,0,2025-09-21,2025-09-21 10:20:04.553840-04:00,Shift 2
robinson correctional center,0,0,2025-09-21,2025-09-21 10:20:04.553840-04:00,Shift 2
shawnee correctional center,0,0,2025-09-21,2025-09-21 10:20:04.553840-04:00,Shift 2
sheridan correctional center,0,0,2025-09-21,2025-09-21 10:20:04.553840-04:00,Shift 2
southwestern illinois correctional center,0,0,2025-09-21,2025-09-21 10:20:04.553840-04:00,Shift 2
stateville correctional center,0,0,2025-09-21,2025-09-21 10:20:04.553840-04:00,Shift 2
taylorville correctional center,0,0,2025-09-21,2025-09-21 10:20:04.553840-04:00,Shift 2
vandalia correctional center,0,0,2025-09-21,2025-09-21 10:20:04.553840-04:00,Shift 2
vienna correctional center,0,0,2025-09-21,2025-09-21 10:20:04.553840-04:00,Shift 2
western illinois correctional center,0,0,2025-09-21,2025-09-21 10:20:04.553840-04:00,Shift 2
big muddy river correctional center,0,0,2025-09-21,2025-09-21 11:21:28.667704-04:00,Shift 2
centralia correctional center,0,0,2025-09-21,2025-09-21 11:21:28.667704-04:00,Shift 2
danville correctional center,0,0,2025-09-21,2025-09-21 11:21:28.667704-04:00,Shift 2
decatur correctional center,0,0,2025-09-21,2025-09-21 11:21:28.667704-04:00,Shift 2
dixon correctional center,0,0,2025-09-21,2025-09-21 11:21:28.667704-04:00,Shift 2
east moline correctional center,0,0,2025-09-21,2025-09-21 11:21:28.667704-04:00,Shift 2
graham correctional center,1,0,2025-09-21,2025-09-21 11:21:28.667704-04:00,Shift 2
hill correctional center,0,0,2025-09-21,2025-09-21 11:21:28.667704-04:00,Shift 2
illinois river correctional center,0,0,2025-09-21,2025-09-21 11:21:28.667704-04:00,Shift 2
jacksonville correctional center,0,0,2025-09-21,2025-09-21 11:21:28.667704-04:00,Shift 2
lawrence correctional center,0,0,2025-09-21,2025-09-21 11:21:28.667704-04:00,Shift 2
lincoln correctional center,0,0,2025-09-21,2025-09-21 11:21:28.667704-04:00,Shift 2
logan correctional center,0,1,2025-09-21,2025-09-21 11:21:28.667704-04:00,Shift 2
menard correctional center,0,0,2025-09-21,2025-09-21 11:21:28.667704-04:00,Shift 2
pinckneyville correctional center,0,0,2025-09-21,2025-09-21 11:21:28.667704-04:00,Shift 2
joliet treatment center,0,0,2025-09-21,2025-09-21 11:21:28.667704-04:00,Shift 2
robinson correctional center,0,0,2025-09-21,2025-09-21 11:21:28.667704-04:00,Shift 2
shawnee correctional center,0,0,2025-09-21,2025-09-21 11:21:28.667704-04:00,Shift 2
sheridan correctional center,0,0,2025-09-21,2025-09-21 11:21:28.667704-04:00,Shift 2
southwestern illinois correctional center,0,0,2025-09-21,2025-09-21 11:21:28.667704-04:00,Shift 2
stateville correctional center,0,0,2025-09-21,2025-09-21 11:21:28.667704-04:00,Shift 2
taylorville correctional center,0,0,2025-09-21,2025-09-21 11:21:28.667704-04:00,Shift 2
vandalia correctional center,0,0,2025-09-21,2025-09-21 11:21:28.667704-04:00,Shift 2
vienna correctional center,0,0,2025-09-21,2025-09-21 11:21:28.667704-04:00,Shift 2
western illinois correctional center,0,0,2025-09-21,2025-09-21 11:21:28.667704-04:00,Shift 2
big muddy river correctional center,0,0,2025-09-21,2025-09-21 12:27:04.163684-04:00,Shift 2
centralia correctional center,0,0,2025-09-21,2025-09-21 12:27:04.163684-04:00,Shift 2
danville correctional center,0,0,2025-09-21,2025-09-21 12:27:04.163684-04:00,Shift 2
decatur correctional center,0,0,2025-09-21,2025-09-21 12:27:04.163684-04:00,Shift 2
dixon correctional center,0,0,2025-09-21,2025-09-21 12:27:04.163684-04:00,Shift 2
east moline correctional center,0,0,2025-09-21,2025-09-21 12:27:04.163684-04:00,Shift 2
graham correctional center,1,0,2025-09-21,2025-09-21 12:27:04.163684-04:00,Shift 2
hill correctional center,0,0,2025-09-21,2025-09-21 12:27:04.163684-04:00,Shift 2
illinois river correctional center,0,0,2025-09-21,2025-09-21 12:27:04.163684-04:00,Shift 2
jacksonville correctional center,0,0,2025-09-21,2025-09-21 12:27:04.163684-04:00,Shift 2
lawrence correctional center,0,0,2025-09-21,2025-09-21 12:27:04.163684-04:00,Shift 2
lincoln correctional center,0,0,2025-09-21,2025-09-21 12:27:04.163684-04:00,Shift 2
logan correctional center,0,1,2025-09-21,2025-09-21 12:27:04.163684-04:00,Shift 2
menard correctional center,0,0,2025-09-21,2025-09-21 12:27:04.163684-04:00,Shift 2
pinckneyville correctional center,0,0,2025-09-21,2025-09-21 12:27:04.163684-04:00,Shift 2
joliet treatment center,0,0,2025-09-21,2025-09-21 12:27:04.163684-04:00,Shift 2
robinson correctional center,0,0,2025-09-21,2025-09-21 12:27:04.163684-04:00,Shift 2
shawnee correctional center,0,0,2025-09-21,2025-09-21 12:27:04.163684-04:00,Shift 2
sheridan correctional center,0,0,2025-09-21,2025-09-21 12:27:04.163684-04:00,Shift 2
southwestern illinois correctional center,0,0,2025-09-21,2025-09-21 12:27:04.163684-04:00,Shift 2
stateville correctional center,0,0,2025-09-21,2025-09-21 12:27:04.163684-04:00,Shift 2
taylorville correctional center,0,0,2025-09-21,2025-09-21 12:27:04.163684-04:00,Shift 2
vandalia correctional center,0,0,2025-09-21,2025-09-21 12:27:04.163684-04:00,Shift 2
vienna correctional center,0,0,2025-09-21,2025-09-21 12:27:04.163684-04:00,Shift 2
western illinois correctional center,0,0,2025-09-21,2025-09-21 12:27:04.163684-04:00,Shift 2
big muddy river correctional center,0,0,2025-09-21,2025-09-21 13:18:49.325968-04:00,Shift 2
centralia correctional center,0,0,2025-09-21,2025-09-21 13:18:49.325968-04:00,Shift 2
danville correctional center,0,0,2025-09-21,2025-09-21 13:18:49.325968-04:00,Shift 2
decatur correctional center,0,0,2025-09-21,2025-09-21 13:18:49.325968-04:00,Shift 2
dixon correctional center,0,0,2025-09-21,2025-09-21 13:18:49.325968-04:00,Shift 2
east moline correctional center,0,0,2025-09-21,2025-09-21 13:18:49.325968-04:00,Shift 2
graham correctional center,1,0,2025-09-21,2025-09-21 13:18:49.325968-04:00,Shift 2
hill correctional center,0,0,2025-09-21,2025-09-21 13:18:49.325968-04:00,Shift 2
illinois river correctional center,0,0,2025-09-21,2025-09-21 13:18:49.325968-04:00,Shift 2
jacksonville correctional center,0,0,2025-09-21,2025-09-21 13:18:49.325968-04:00,Shift 2
lawrence correctional center,0,0,2025-09-21,2025-09-21 13:18:49.325968-04:00,Shift 2
lincoln correctional center,0,0,2025-09-21,2025-09-21 13:18:49.325968-04:00,Shift 2
logan correctional center,0,1,2025-09-21,2025-09-21 13:18:49.325968-04:00,Shift 2
menard correctional center,0,0,2025-09-21,2025-09-21 13:18:49.325968-04:00,Shift 2
pinckneyville correctional center,0,0,2025-09-21,2025-09-21 13:18:49.325968-04:00,Shift 2
joliet treatment center,0,0,2025-09-21,2025-09-21 13:18:49.325968-04:00,Shift 2
robinson correctional center,0,0,2025-09-21,2025-09-21 13:18:49.325968-04:00,Shift 2
shawnee correctional center,0,0,2025-09-21,2025-09-21 13:18:49.325968-04:00,Shift 2
sheridan correctional center,0,0,2025-09-21,2025-09-21 13:18:49.325968-04:00,Shift 2
southwestern illinois correctional center,0,0,2025-09-21,2025-09-21 13:18:49.325968-04:00,Shift 2
stateville correctional center,0,0,2025-09-21,2025-09-21 13:18:49.325968-04:00,Shift 2
taylorville correctional center,0,0,2025-09-21,2025-09-21 13:18:49.325968-04:00,Shift 2
vandalia correctional center,0,0,2025-09-21,2025-09-21 13:18:49.325968-04:00,Shift 2
vienna correctional center,0,0,2025-09-21,2025-09-21 13:18:49.325968-04:00,Shift 2
western illinois correctional center,0,0,2025-09-21,2025-09-21 13:18:49.325968-04:00,Shift 2
big muddy river correctional center,0,0,2025-09-21,2025-09-21 14:31:07.804949-04:00,Shift 2
centralia correctional center,0,0,2025-09-21,2025-09-21 14:31:07.804949-04:00,Shift 2
danville correctional center,0,0,2025-09-21,2025-09-21 14:31:07.804949-04:00,Shift 2
decatur correctional center,0,0,2025-09-21,2025-09-21 14:31:07.804949-04:00,Shift 2
dixon correctional center,0,0,2025-09-21,2025-09-21 14:31:07.804949-04:00,Shift 2
east moline correctional center,0,0,2025-09-21,2025-09-21 14:31:07.804949-04:00,Shift 2
graham correctional center,1,0,2025-09-21,2025-09-21 14:31:07.804949-04:00,Shift 2
hill correctional center,0,0,2025-09-21,2025-09-21 14:31:07.804949-04:00,Shift 2
illinois river correctional center,0,0,2025-09-21,2025-09-21 14:31:07.804949-04:00,Shift 2
jacksonville correctional center,0,0,2025-09-21,2025-09-21 14:31:07.804949-04:00,Shift 2
lawrence correctional center,1,0,2025-09-21,2025-09-21 14:31:07.804949-04:00,Shift 2
lincoln correctional center,0,0,2025-09-21,2025-09-21 14:31:07.804949-04:00,Shift 2
logan correctional center,0,1,2025-09-21,2025-09-21 14:31:07.804949-04:00,Shift 2
menard correctional center,0,0,2025-09-21,2025-09-21 14:31:07.804949-04:00,Shift 2
pinckneyville correctional center,0,0,2025-09-21,2025-09-21 14:31:07.804949-04:00,Shift 2
joliet treatment center,0,0,2025-09-21,2025-09-21 14:31:07.804949-04:00,Shift 2
robinson correctional center,0,0,2025-09-21,2025-09-21 14:31:07.804949-04:00,Shift 2
shawnee correctional center,0,0,2025-09-21,2025-09-21 14:31:07.804949-04:00,Shift 2
sheridan correctional center,0,0,2025-09-21,2025-09-21 14:31:07.804949-04:00,Shift 2
southwestern illinois correctional center,0,0,2025-09-21,2025-09-21 14:31:07.804949-04:00,Shift 2
stateville correctional center,0,0,2025-09-21,2025-09-21 14:31:07.804949-04:00,Shift 2
taylorville correctional center,0,0,2025-09-21,2025-09-21 14:31:07.804949-04:00,Shift 2
vandalia correctional center,0,0,2025-09-21,2025-09-21 14:31:07.804949-04:00,Shift 2
vienna correctional center,0,0,2025-09-21,2025-09-21 14:31:07.804949-04:00,Shift 2
western illinois correctional center,0,0,2025-09-21,2025-09-21 14:31:07.804949-04:00,Shift 2
big muddy river correctional center,0,0,2025-09-21,2025-09-21 15:17:44.057556-04:00,Shift 2
centralia correctional center,0,0,2025-09-21,2025-09-21 15:17:44.057556-04:00,Shift 2
danville correctional center,0,0,2025-09-21,2025-09-21 15:17:44.057556-04:00,Shift 2
decatur correctional center,0,0,2025-09-21,2025-09-21 15:17:44.057556-04:00,Shift 2
dixon correctional center,0,0,2025-09-21,2025-09-21 15:17:44.057556-04:00,Shift 2
east moline correctional center,0,0,2025-09-21,2025-09-21 15:17:44.057556-04:00,Shift 2
graham correctional center,1,0,2025-09-21,2025-09-21 15:17:44.057556-04:00,Shift 2
hill correctional center,0,0,2025-09-21,2025-09-21 15:17:44.057556-04:00,Shift 2
illinois river correctional center,0,0,2025-09-21,2025-09-21 15:17:44.057556-04:00,Shift 2
jacksonville correctional center,0,0,2025-09-21,2025-09-21 15:17:44.057556-04:00,Shift 2
lawrence correctional center,1,0,2025-09-21,2025-09-21 15:17:44.057556-04:00,Shift 2
lincoln correctional center,0,0,2025-09-21,2025-09-21 15:17:44.057556-04:00,Shift 2
logan correctional center,0,1,2025-09-21,2025-09-21 15:17:44.057556-04:00,Shift 2
menard correctional center,0,0,2025-09-21,2025-09-21 15:17:44.057556-04:00,Shift 2
pinckneyville correctional center,0,0,2025-09-21,2025-09-21 15:17:44.057556-04:00,Shift 2
joliet treatment center,0,0,2025-09-21,2025-09-21 15:17:44.057556-04:00,Shift 2
robinson correctional center,0,0,2025-09-21,2025-09-21 15:17:44.057556-04:00,Shift 2
shawnee correctional center,0,0,2025-09-21,2025-09-21 15:17:44.057556-04:00,Shift 2
sheridan correctional center,0,0,2025-09-21,2025-09-21 15:17:44.057556-04:00,Shift 2
southwestern illinois correctional center,0,0,2025-09-21,2025-09-21 15:17:44.057556-04:00,Shift 2
stateville correctional center,0,0,2025-09-21,2025-09-21 15:17:44.057556-04:00,Shift 2
taylorville correctional center,0,0,2025-09-21,2025-09-21 15:17:44.057556-04:00,Shift 2
vandalia correctional center,0,0,2025-09-21,2025-09-21 15:17:44.057556-04:00,Shift 2
vienna correctional center,0,0,2025-09-21,2025-09-21 15:17:44.057556-04:00,Shift 2
western illinois correctional center,0,0,2025-09-21,2025-09-21 15:17:44.057556-04:00,Shift 2
big muddy river correctional center,0,0,2025-09-21,2025-09-21 16:24:51.364652-04:00,Shift 3
centralia correctional center,0,0,2025-09-21,2025-09-21 16:24:51.364652-04:00,Shift 3
danville correctional center,0,0,2025-09-21,2025-09-21 16:24:51.364652-04:00,Shift 3
decatur correctional center,0,0,2025-09-21,2025-09-21 16:24:51.364652-04:00,Shift 3
dixon correctional center,0,0,2025-09-21,2025-09-21 16:24:51.364652-04:00,Shift 3
east moline correctional center,0,0,2025-09-21,2025-09-21 16:24:51.364652-04:00,Shift 3
graham correctional center,1,0,2025-09-21,2025-09-21 16:24:51.364652-04:00,Shift 3
hill correctional center,0,0,2025-09-21,2025-09-21 16:24:51.364652-04:00,Shift 3
illinois river correctional center,0,0,2025-09-21,2025-09-21 16:24:51.364652-04:00,Shift 3
jacksonville correctional center,0,0,2025-09-21,2025-09-21 16:24:51.364652-04:00,Shift 3
lawrence correctional center,1,0,2025-09-21,2025-09-21 16:24:51.364652-04:00,Shift 3
lincoln correctional center,0,0,2025-09-21,2025-09-21 16:24:51.364652-04:00,Shift 3
logan correctional center,0,0,2025-09-21,2025-09-21 16:24:51.364652-04:00,Shift 3
menard correctional center,0,0,2025-09-21,2025-09-21 16:24:51.364652-04:00,Shift 3
pinckneyville correctional center,0,0,2025-09-21,2025-09-21 16:24:51.364652-04:00,Shift 3
joliet treatment center,0,0,2025-09-21,2025-09-21 16:24:51.364652-04:00,Shift 3
robinson correctional center,0,0,2025-09-21,2025-09-21 16:24:51.364652-04:00,Shift 3
shawnee correctional center,0,0,2025-09-21,2025-09-21 16:24:51.364652-04:00,Shift 3
sheridan correctional center,0,0,2025-09-21,2025-09-21 16:24:51.364652-04:00,Shift 3
southwestern illinois correctional center,0,0,2025-09-21,2025-09-21 16:24:51.364652-04:00,Shift 3
stateville correctional center,0,0,2025-09-21,2025-09-21 16:24:51.364652-04:00,Shift 3
taylorville correctional center,0,0,2025-09-21,2025-09-21 16:24:51.364652-04:00,Shift 3
vandalia correctional center,0,0,2025-09-21,2025-09-21 16:24:51.364652-04:00,Shift 3
vienna correctional center,0,0,2025-09-21,2025-09-21 16:24:51.364652-04:00,Shift 3
western illinois correctional center,0,0,2025-09-21,2025-09-21 16:24:51.364652-04:00,Shift 3
big muddy river correctional center,0,0,2025-09-21,2025-09-21 17:20:03.796752-04:00,Shift 3
centralia correctional center,0,0,2025-09-21,2025-09-21 17:20:03.796752-04:00,Shift 3
danville correctional center,0,0,2025-09-21,2025-09-21 17:20:03.796752-04:00,Shift 3
decatur correctional center,0,0,2025-09-21,2025-09-21 17:20:03.796752-04:00,Shift 3
dixon correctional center,0,0,2025-09-21,2025-09-21 17:20:03.796752-04:00,Shift 3
east moline correctional center,0,0,2025-09-21,2025-09-21 17:20:03.796752-04:00,Shift 3
graham correctional center,1,0,2025-09-21,2025-09-21 17:20:03.796752-04:00,Shift 3
hill correctional center,0,0,2025-09-21,2025-09-21 17:20:03.796752-04:00,Shift 3
illinois river correctional center,0,0,2025-09-21,2025-09-21 17:20:03.796752-04:00,Shift 3
jacksonville correctional center,0,0,2025-09-21,2025-09-21 17:20:03.796752-04:00,Shift 3
lawrence correctional center,1,0,2025-09-21,2025-09-21 17:20:03.796752-04:00,Shift 3
lincoln correctional center,0,0,2025-09-21,2025-09-21 17:20:03.796752-04:00,Shift 3
logan correctional center,0,0,2025-09-21,2025-09-21 17:20:03.796752-04:00,Shift 3
menard correctional center,0,0,2025-09-21,2025-09-21 17:20:03.796752-04:00,Shift 3
pinckneyville correctional center,0,0,2025-09-21,2025-09-21 17:20:03.796752-04:00,Shift 3
joliet treatment center,0,0,2025-09-21,2025-09-21 17:20:03.796752-04:00,Shift 3
robinson correctional center,0,0,2025-09-21,2025-09-21 17:20:03.796752-04:00,Shift 3
shawnee correctional center,0,0,2025-09-21,2025-09-21 17:20:03.796752-04:00,Shift 3
sheridan correctional center,0,0,2025-09-21,2025-09-21 17:20:03.796752-04:00,Shift 3
southwestern illinois correctional center,0,0,2025-09-21,2025-09-21 17:20:03.796752-04:00,Shift 3
stateville correctional center,0,0,2025-09-21,2025-09-21 17:20:03.796752-04:00,Shift 3
taylorville correctional center,0,0,2025-09-21,2025-09-21 17:20:03.796752-04:00,Shift 3
vandalia correctional center,0,0,2025-09-21,2025-09-21 17:20:03.796752-04:00,Shift 3
vienna correctional center,0,0,2025-09-21,2025-09-21 17:20:03.796752-04:00,Shift 3
western illinois correctional center,0,0,2025-09-21,2025-09-21 17:20:03.796752-04:00,Shift 3
big muddy river correctional center,0,0,2025-09-21,2025-09-21 18:21:17.004427-04:00,Shift 3
centralia correctional center,0,0,2025-09-21,2025-09-21 18:21:17.004427-04:00,Shift 3
danville correctional center,0,0,2025-09-21,2025-09-21 18:21:17.004427-04:00,Shift 3
decatur correctional center,0,0,2025-09-21,2025-09-21 18:21:17.004427-04:00,Shift 3
dixon correctional center,0,0,2025-09-21,2025-09-21 18:21:17.004427-04:00,Shift 3
east moline correctional center,0,0,2025-09-21,2025-09-21 18:21:17.004427-04:00,Shift 3
graham correctional center,1,0,2025-09-21,2025-09-21 18:21:17.004427-04:00,Shift 3
hill correctional center,1,0,2025-09-21,2025-09-21 18:21:17.004427-04:00,Shift 3
illinois river correctional center,0,0,2025-09-21,2025-09-21 18:21:17.004427-04:00,Shift 3
jacksonville correctional center,0,0,2025-09-21,2025-09-21 18:21:17.004427-04:00,Shift 3
lawrence correctional center,1,0,2025-09-21,2025-09-21 18:21:17.004427-04:00,Shift 3
lincoln correctional center,0,0,2025-09-21,2025-09-21 18:21:17.004427-04:00,Shift 3
logan correctional center,0,0,2025-09-21,2025-09-21 18:21:17.004427-04:00,Shift 3
menard correctional center,0,0,2025-09-21,2025-09-21 18:21:17.004427-04:00,Shift 3
pinckneyville correctional center,0,0,2025-09-21,2025-09-21 18:21:17.004427-04:00,Shift 3
joliet treatment center,0,0,2025-09-21,2025-09-21 18:21:17.004427-04:00,Shift 3
robinson correctional center,0,0,2025-09-21,2025-09-21 18:21:17.004427-04:00,Shift 3
shawnee correctional center,0,0,2025-09-21,2025-09-21 18:21:17.004427-04:00,Shift 3
sheridan correctional center,0,0,2025-09-21,2025-09-21 18:21:17.004427-04:00,Shift 3
southwestern illinois correctional center,0,0,2025-09-21,2025-09-21 18:21:17.004427-04:00,Shift 3
stateville correctional center,0,0,2025-09-21,2025-09-21 18:21:17.004427-04:00,Shift 3
taylorville correctional center,0,0,2025-09-21,2025-09-21 18:21:17.004427-04:00,Shift 3
vandalia correctional center,0,0,2025-09-21,2025-09-21 18:21:17.004427-04:00,Shift 3
vienna correctional center,0,0,2025-09-21,2025-09-21 18:21:17.004427-04:00,Shift 3
western illinois correctional center,0,0,2025-09-21,2025-09-21 18:21:17.004427-04:00,Shift 3
big muddy river correctional center,0,0,2025-09-21,2025-09-21 19:21:02.617577-04:00,Shift 3
centralia correctional center,0,0,2025-09-21,2025-09-21 19:21:02.617577-04:00,Shift 3
danville correctional center,0,0,2025-09-21,2025-09-21 19:21:02.617577-04:00,Shift 3
decatur correctional center,0,0,2025-09-21,2025-09-21 19:21:02.617577-04:00,Shift 3
dixon correctional center,0,0,2025-09-21,2025-09-21 19:21:02.617577-04:00,Shift 3
east moline correctional center,0,0,2025-09-21,2025-09-21 19:21:02.617577-04:00,Shift 3
graham correctional center,1,0,2025-09-21,2025-09-21 19:21:02.617577-04:00,Shift 3
hill correctional center,1,0,2025-09-21,2025-09-21 19:21:02.617577-04:00,Shift 3
illinois river correctional center,0,0,2025-09-21,2025-09-21 19:21:02.617577-04:00,Shift 3
jacksonville correctional center,0,0,2025-09-21,2025-09-21 19:21:02.617577-04:00,Shift 3
lawrence correctional center,1,0,2025-09-21,2025-09-21 19:21:02.617577-04:00,Shift 3
lincoln correctional center,0,0,2025-09-21,2025-09-21 19:21:02.617577-04:00,Shift 3
logan correctional center,0,0,2025-09-21,2025-09-21 19:21:02.617577-04:00,Shift 3
menard correctional center,0,0,2025-09-21,2025-09-21 19:21:02.617577-04:00,Shift 3
pinckneyville correctional center,0,0,2025-09-21,2025-09-21 19:21:02.617577-04:00,Shift 3
joliet treatment center,0,0,2025-09-21,2025-09-21 19:21:02.617577-04:00,Shift 3
robinson correctional center,0,0,2025-09-21,2025-09-21 19:21:02.617577-04:00,Shift 3
shawnee correctional center,0,0,2025-09-21,2025-09-21 19:21:02.617577-04:00,Shift 3
sheridan correctional center,0,0,2025-09-21,2025-09-21 19:21:02.617577-04:00,Shift 3
southwestern illinois correctional center,0,0,2025-09-21,2025-09-21 19:21:02.617577-04:00,Shift 3
stateville correctional center,0,0,2025-09-21,2025-09-21 19:21:02.617577-04:00,Shift 3
taylorville correctional center,0,0,2025-09-21,2025-09-21 19:21:02.617577-04:00,Shift 3
vandalia correctional center,0,0,2025-09-21,2025-09-21 19:21:02.617577-04:00,Shift 3
vienna correctional center,0,0,2025-09-21,2025-09-21 19:21:02.617577-04:00,Shift 3
western illinois correctional center,0,0,2025-09-21,2025-09-21 19:21:02.617577-04:00,Shift 3
big muddy river correctional center,0,0,2025-09-21,2025-09-21 21:58:22.009098-04:00,Shift 3
centralia correctional center,0,0,2025-09-21,2025-09-21 21:58:22.009098-04:00,Shift 3
danville correctional center,0,0,2025-09-21,2025-09-21 21:58:22.009098-04:00,Shift 3
decatur correctional center,0,0,2025-09-21,2025-09-21 21:58:22.009098-04:00,Shift 3
dixon correctional center,0,0,2025-09-21,2025-09-21 21:58:22.009098-04:00,Shift 3
east moline correctional center,0,0,2025-09-21,2025-09-21 21:58:22.009098-04:00,Shift 3
graham correctional center,1,0,2025-09-21,2025-09-21 21:58:22.009098-04:00,Shift 3
hill correctional center,1,0,2025-09-21,2025-09-21 21:58:22.009098-04:00,Shift 3
illinois river correctional center,0,0,2025-09-21,2025-09-21 21:58:22.009098-04:00,Shift 3
jacksonville correctional center,0,0,2025-09-21,2025-09-21 21:58:22.009098-04:00,Shift 3
lawrence correctional center,1,0,2025-09-21,2025-09-21 21:58:22.009098-04:00,Shift 3
lincoln correctional center,0,0,2025-09-21,2025-09-21 21:58:22.009098-04:00,Shift 3
logan correctional center,0,0,2025-09-21,2025-09-21 21:58:22.009098-04:00,Shift 3
menard correctional center,0,0,2025-09-21,2025-09-21 21:58:22.009098-04:00,Shift 3
pinckneyville correctional center,0,0,2025-09-21,2025-09-21 21:58:22.009098-04:00,Shift 3
joliet treatment center,0,0,2025-09-21,2025-09-21 21:58:22.009098-04:00,Shift 3
robinson correctional center,0,0,2025-09-21,2025-09-21 21:58:22.009098-04:00,Shift 3
shawnee correctional center,0,0,2025-09-21,2025-09-21 21:58:22.009098-04:00,Shift 3
sheridan correctional center,0,0,2025-09-21,2025-09-21 21:58:22.009098-04:00,Shift 3
southwestern illinois correctional center,0,0,2025-09-21,2025-09-21 21:58:22.009098-04:00,Shift 3
stateville correctional center,0,0,2025-09-21,2025-09-21 21:58:22.009098-04:00,Shift 3
taylorville correctional center,0,0,2025-09-21,2025-09-21 21:58:22.009098-04:00,Shift 3
vandalia correctional center,0,0,2025-09-21,2025-09-21 21:58:22.009098-04:00,Shift 3
vienna correctional center,0,0,2025-09-21,2025-09-21 21:58:22.009098-04:00,Shift 3
western illinois correctional center,0,0,2025-09-21,2025-09-21 21:58:22.009098-04:00,Shift 3
