Facility,Shift,Date,Full_Lockdown,Partial_Lockdown
big muddy river correctional center,Shift 3,2025-08-30,0,0
centralia correctional center,Shift 3,2025-08-30,0,0
danville correctional center,Shift 3,2025-08-30,0,0
decatur correctional center,Shift 3,2025-08-30,0,0
dixon correctional center,Shift 3,2025-08-30,0,0
east moline correctional center,Shift 3,2025-08-30,0,0
graham correctional center,Shift 3,2025-08-30,0,0
hill correctional center,Shift 3,2025-08-30,1,0
illinois river correctional center,Shift 3,2025-08-30,0,0
jacksonville correctional center,Shift 3,2025-08-30,0,0
joliet treatment center,Shift 3,2025-08-30,0,0
lawrence correctional center,Shift 3,2025-08-30,0,0
lincoln correctional center,Shift 3,2025-08-30,0,0
logan correctional center,Shift 3,2025-08-30,0,0
menard correctional center,Shift 3,2025-08-30,0,0
pinckneyville correctional center,Shift 3,2025-08-30,0,0
robinson correctional center,Shift 3,2025-08-30,0,0
shawnee correctional center,Shift 3,2025-08-30,0,0
sheridan correctional center,Shift 3,2025-08-30,0,0
southwestern illinois correctional center,Shift 3,2025-08-30,0,0
stateville correctional center,Shift 3,2025-08-30,0,0
taylorville correctional center,Shift 3,2025-08-30,0,1
vandalia correctional center,Shift 3,2025-08-30,0,0
vienna correctional center,Shift 3,2025-08-30,0,0
western illinois correctional center,Shift 3,2025-08-30,0,0
big muddy river correctional center,Shift 1,2025-08-31 00:00:00,0,0
big muddy river correctional center,Shift 2,2025-08-31 00:00:00,0,0
big muddy river correctional center,Shift 3,2025-08-31 00:00:00,0,0
centralia correctional center,Shift 1,2025-08-31 00:00:00,0,0
centralia correctional center,Shift 2,2025-08-31 00:00:00,0,0
centralia correctional center,Shift 3,2025-08-31 00:00:00,0,0
danville correctional center,Shift 1,2025-08-31 00:00:00,1,0
danville correctional center,Shift 2,2025-08-31 00:00:00,1,0
danville correctional center,Shift 3,2025-08-31 00:00:00,1,0
decatur correctional center,Shift 1,2025-08-31 00:00:00,0,0
decatur correctional center,Shift 2,2025-08-31 00:00:00,0,0
decatur correctional center,Shift 3,2025-08-31 00:00:00,0,0
dixon correctional center,Shift 1,2025-08-31 00:00:00,0,0
dixon correctional center,Shift 2,2025-08-31 00:00:00,0,0
dixon correctional center,Shift 3,2025-08-31 00:00:00,0,0
east moline correctional center,Shift 1,2025-08-31 00:00:00,0,0
east moline correctional center,Shift 2,2025-08-31 00:00:00,0,0
east moline correctional center,Shift 3,2025-08-31 00:00:00,0,0
graham correctional center,Shift 1,2025-08-31 00:00:00,0,0
graham correctional center,Shift 2,2025-08-31 00:00:00,0,0
graham correctional center,Shift 3,2025-08-31 00:00:00,0,0
hill correctional center,Shift 1,2025-08-31 00:00:00,1,0
hill correctional center,Shift 2,2025-08-31 00:00:00,1,0
hill correctional center,Shift 3,2025-08-31 00:00:00,1,0
illinois river correctional center,Shift 1,2025-08-31 00:00:00,0,0
illinois river correctional center,Shift 2,2025-08-31 00:00:00,0,0
illinois river correctional center,Shift 3,2025-08-31 00:00:00,0,0
jacksonville correctional center,Shift 1,2025-08-31 00:00:00,0,0
jacksonville correctional center,Shift 2,2025-08-31 00:00:00,0,0
jacksonville correctional center,Shift 3,2025-08-31 00:00:00,0,0
joliet treatment center,Shift 1,2025-08-31 00:00:00,0,0
joliet treatment center,Shift 2,2025-08-31 00:00:00,0,0
joliet treatment center,Shift 3,2025-08-31 00:00:00,0,0
lawrence correctional center,Shift 1,2025-08-31 00:00:00,1,0
lawrence correctional center,Shift 2,2025-08-31 00:00:00,1,0
lawrence correctional center,Shift 3,2025-08-31 00:00:00,1,0
lincoln correctional center,Shift 1,2025-08-31 00:00:00,0,0
lincoln correctional center,Shift 2,2025-08-31 00:00:00,0,0
lincoln correctional center,Shift 3,2025-08-31 00:00:00,0,0
logan correctional center,Shift 1,2025-08-31 00:00:00,0,0
logan correctional center,Shift 2,2025-08-31 00:00:00,0,0
logan correctional center,Shift 3,2025-08-31 00:00:00,0,0
menard correctional center,Shift 1,2025-08-31 00:00:00,0,0
menard correctional center,Shift 2,2025-08-31 00:00:00,0,0
menard correctional center,Shift 3,2025-08-31 00:00:00,0,0
pinckneyville correctional center,Shift 1,2025-08-31 00:00:00,0,0
pinckneyville correctional center,Shift 2,2025-08-31 00:00:00,0,0
pinckneyville correctional center,Shift 3,2025-08-31 00:00:00,0,0
robinson correctional center,Shift 1,2025-08-31 00:00:00,0,0
robinson correctional center,Shift 2,2025-08-31 00:00:00,0,0
robinson correctional center,Shift 3,2025-08-31 00:00:00,0,0
shawnee correctional center,Shift 1,2025-08-31 00:00:00,0,0
shawnee correctional center,Shift 2,2025-08-31 00:00:00,0,0
shawnee correctional center,Shift 3,2025-08-31 00:00:00,0,0
sheridan correctional center,Shift 1,2025-08-31 00:00:00,0,0
sheridan correctional center,Shift 2,2025-08-31 00:00:00,0,0
sheridan correctional center,Shift 3,2025-08-31 00:00:00,0,0
southwestern illinois correctional center,Shift 1,2025-08-31 00:00:00,0,0
southwestern illinois correctional center,Shift 2,2025-08-31 00:00:00,0,0
southwestern illinois correctional center,Shift 3,2025-08-31 00:00:00,0,0
stateville correctional center,Shift 1,2025-08-31 00:00:00,0,0
stateville correctional center,Shift 2,2025-08-31 00:00:00,0,0
stateville correctional center,Shift 3,2025-08-31 00:00:00,0,0
taylorville correctional center,Shift 1,2025-08-31 00:00:00,0,1
taylorville correctional center,Shift 2,2025-08-31 00:00:00,0,1
taylorville correctional center,Shift 3,2025-08-31 00:00:00,0,1
vandalia correctional center,Shift 1,2025-08-31 00:00:00,0,0
vandalia correctional center,Shift 2,2025-08-31 00:00:00,0,0
vandalia correctional center,Shift 3,2025-08-31 00:00:00,0,0
vienna correctional center,Shift 1,2025-08-31 00:00:00,0,0
vienna correctional center,Shift 2,2025-08-31 00:00:00,0,0
vienna correctional center,Shift 3,2025-08-31 00:00:00,0,0
western illinois correctional center,Shift 1,2025-08-31 00:00:00,0,0
western illinois correctional center,Shift 2,2025-08-31 00:00:00,0,0
western illinois correctional center,Shift 3,2025-08-31 00:00:00,0,0
big muddy river correctional center,Shift 1,2025-09-01,0,0
big muddy river correctional center,Shift 2,2025-09-01,0,0
big muddy river correctional center,Shift 3,2025-09-01,0,0
centralia correctional center,Shift 1,2025-09-01,0,0
centralia correctional center,Shift 2,2025-09-01,0,0
centralia correctional center,Shift 3,2025-09-01,0,0
danville correctional center,Shift 1,2025-09-01,0,0
danville correctional center,Shift 2,2025-09-01,0,0
danville correctional center,Shift 3,2025-09-01,0,0
decatur correctional center,Shift 1,2025-09-01,0,0
decatur correctional center,Shift 2,2025-09-01,0,0
decatur correctional center,Shift 3,2025-09-01,0,0
dixon correctional center,Shift 1,2025-09-01,0,0
dixon correctional center,Shift 2,2025-09-01,0,0
dixon correctional center,Shift 3,2025-09-01,0,0
east moline correctional center,Shift 1,2025-09-01,0,0
east moline correctional center,Shift 2,2025-09-01,0,0
east moline correctional center,Shift 3,2025-09-01,0,0
graham correctional center,Shift 1,2025-09-01,0,0
graham correctional center,Shift 2,2025-09-01,0,0
graham correctional center,Shift 3,2025-09-01,0,0
hill correctional center,Shift 1,2025-09-01,1,0
hill correctional center,Shift 2,2025-09-01,0,0
hill correctional center,Shift 3,2025-09-01,0,0
illinois river correctional center,Shift 1,2025-09-01,0,0
illinois river correctional center,Shift 2,2025-09-01,0,0
illinois river correctional center,Shift 3,2025-09-01,0,0
jacksonville correctional center,Shift 1,2025-09-01,0,0
jacksonville correctional center,Shift 2,2025-09-01,0,0
jacksonville correctional center,Shift 3,2025-09-01,0,0
joliet treatment center,Shift 1,2025-09-01,0,0
joliet treatment center,Shift 2,2025-09-01,0,0
joliet treatment center,Shift 3,2025-09-01,0,0
lawrence correctional center,Shift 1,2025-09-01,0,0
lawrence correctional center,Shift 2,2025-09-01,0,0
lawrence correctional center,Shift 3,2025-09-01,0,0
lincoln correctional center,Shift 1,2025-09-01,0,0
lincoln correctional center,Shift 2,2025-09-01,0,0
lincoln correctional center,Shift 3,2025-09-01,0,0
logan correctional center,Shift 1,2025-09-01,0,0
logan correctional center,Shift 2,2025-09-01,0,0
logan correctional center,Shift 3,2025-09-01,0,0
menard correctional center,Shift 1,2025-09-01,0,0
menard correctional center,Shift 2,2025-09-01,0,0
menard correctional center,Shift 3,2025-09-01,0,0
pinckneyville correctional center,Shift 1,2025-09-01,0,0
pinckneyville correctional center,Shift 2,2025-09-01,0,0
pinckneyville correctional center,Shift 3,2025-09-01,0,0
robinson correctional center,Shift 1,2025-09-01,0,0
robinson correctional center,Shift 2,2025-09-01,0,0
robinson correctional center,Shift 3,2025-09-01,0,0
shawnee correctional center,Shift 1,2025-09-01,0,0
shawnee correctional center,Shift 2,2025-09-01,0,0
shawnee correctional center,Shift 3,2025-09-01,0,0
sheridan correctional center,Shift 1,2025-09-01,0,0
sheridan correctional center,Shift 2,2025-09-01,0,0
sheridan correctional center,Shift 3,2025-09-01,0,0
southwestern illinois correctional center,Shift 1,2025-09-01,0,0
southwestern illinois correctional center,Shift 2,2025-09-01,0,0
southwestern illinois correctional center,Shift 3,2025-09-01,0,0
stateville correctional center,Shift 1,2025-09-01,0,0
stateville correctional center,Shift 2,2025-09-01,0,0
stateville correctional center,Shift 3,2025-09-01,0,0
taylorville correctional center,Shift 1,2025-09-01,0,1
taylorville correctional center,Shift 2,2025-09-01,0,1
taylorville correctional center,Shift 3,2025-09-01,0,1
vandalia correctional center,Shift 1,2025-09-01,0,0
vandalia correctional center,Shift 2,2025-09-01,0,0
vandalia correctional center,Shift 3,2025-09-01,0,0
vienna correctional center,Shift 1,2025-09-01,0,0
vienna correctional center,Shift 2,2025-09-01,0,0
vienna correctional center,Shift 3,2025-09-01,0,0
western illinois correctional center,Shift 1,2025-09-01,0,0
western illinois correctional center,Shift 2,2025-09-01,0,0
western illinois correctional center,Shift 3,2025-09-01,0,0
big muddy river correctional center,Shift 1,2025-09-02,0,0
big muddy river correctional center,Shift 2,2025-09-02,0,0
big muddy river correctional center,Shift 3,2025-09-02,0,0
centralia correctional center,Shift 1,2025-09-02,0,0
centralia correctional center,Shift 2,2025-09-02,0,0
centralia correctional center,Shift 3,2025-09-02,0,0
danville correctional center,Shift 1,2025-09-02,0,0
danville correctional center,Shift 2,2025-09-02,0,0
danville correctional center,Shift 3,2025-09-02,0,0
decatur correctional center,Shift 1,2025-09-02,0,0
decatur correctional center,Shift 2,2025-09-02,0,0
decatur correctional center,Shift 3,2025-09-02,0,0
dixon correctional center,Shift 1,2025-09-02,0,0
dixon correctional center,Shift 2,2025-09-02,0,0
dixon correctional center,Shift 3,2025-09-02,0,0
east moline correctional center,Shift 1,2025-09-02,0,0
east moline correctional center,Shift 2,2025-09-02,0,0
east moline correctional center,Shift 3,2025-09-02,0,0
graham correctional center,Shift 1,2025-09-02,0,0
graham correctional center,Shift 2,2025-09-02,1,0
graham correctional center,Shift 3,2025-09-02,1,0
hill correctional center,Shift 1,2025-09-02,0,0
hill correctional center,Shift 2,2025-09-02,0,0
hill correctional center,Shift 3,2025-09-02,1,0
illinois river correctional center,Shift 1,2025-09-02,0,0
illinois river correctional center,Shift 2,2025-09-02,0,0
illinois river correctional center,Shift 3,2025-09-02,0,0
jacksonville correctional center,Shift 1,2025-09-02,0,0
jacksonville correctional center,Shift 2,2025-09-02,0,0
jacksonville correctional center,Shift 3,2025-09-02,0,0
joliet treatment center,Shift 1,2025-09-02,0,0
joliet treatment center,Shift 2,2025-09-02,0,0
joliet treatment center,Shift 3,2025-09-02,0,0
lawrence correctional center,Shift 1,2025-09-02,1,0
lawrence correctional center,Shift 2,2025-09-02,0,1
lawrence correctional center,Shift 3,2025-09-02,0,1
lincoln correctional center,Shift 1,2025-09-02,0,0
lincoln correctional center,Shift 2,2025-09-02,0,0
lincoln correctional center,Shift 3,2025-09-02,0,0
logan correctional center,Shift 1,2025-09-02,0,0
logan correctional center,Shift 2,2025-09-02,0,0
logan correctional center,Shift 3,2025-09-02,0,0
menard correctional center,Shift 1,2025-09-02,0,0
menard correctional center,Shift 2,2025-09-02,1,0
menard correctional center,Shift 3,2025-09-02,1,0
pinckneyville correctional center,Shift 1,2025-09-02,0,1
pinckneyville correctional center,Shift 2,2025-09-02,0,1
pinckneyville correctional center,Shift 3,2025-09-02,0,1
robinson correctional center,Shift 1,2025-09-02,0,0
robinson correctional center,Shift 2,2025-09-02,0,0
robinson correctional center,Shift 3,2025-09-02,0,0
shawnee correctional center,Shift 1,2025-09-02,0,0
shawnee correctional center,Shift 2,2025-09-02,0,0
shawnee correctional center,Shift 3,2025-09-02,0,0
sheridan correctional center,Shift 1,2025-09-02,0,0
sheridan correctional center,Shift 2,2025-09-02,0,0
sheridan correctional center,Shift 3,2025-09-02,0,0
southwestern illinois correctional center,Shift 1,2025-09-02,0,0
southwestern illinois correctional center,Shift 2,2025-09-02,0,0
southwestern illinois correctional center,Shift 3,2025-09-02,0,0
stateville correctional center,Shift 1,2025-09-02,0,0
stateville correctional center,Shift 2,2025-09-02,0,0
stateville correctional center,Shift 3,2025-09-02,0,0
taylorville correctional center,Shift 1,2025-09-02,0,1
taylorville correctional center,Shift 2,2025-09-02,0,1
taylorville correctional center,Shift 3,2025-09-02,0,0
vandalia correctional center,Shift 1,2025-09-02,0,0
vandalia correctional center,Shift 2,2025-09-02,0,0
vandalia correctional center,Shift 3,2025-09-02,0,0
vienna correctional center,Shift 1,2025-09-02,0,0
vienna correctional center,Shift 2,2025-09-02,0,0
vienna correctional center,Shift 3,2025-09-02,0,0
western illinois correctional center,Shift 1,2025-09-02,0,0
western illinois correctional center,Shift 2,2025-09-02,0,1
western illinois correctional center,Shift 3,2025-09-02,0,0
big muddy river correctional center,Shift 1,2025-09-03,0,0
big muddy river correctional center,Shift 2,2025-09-03,0,0
big muddy river correctional center,Shift 3,2025-09-03,0,0
centralia correctional center,Shift 1,2025-09-03,0,0
centralia correctional center,Shift 2,2025-09-03,0,0
centralia correctional center,Shift 3,2025-09-03,0,0
danville correctional center,Shift 1,2025-09-03,0,0
danville correctional center,Shift 2,2025-09-03,0,0
danville correctional center,Shift 3,2025-09-03,0,0
decatur correctional center,Shift 1,2025-09-03,0,0
decatur correctional center,Shift 2,2025-09-03,0,0
decatur correctional center,Shift 3,2025-09-03,0,0
dixon correctional center,Shift 1,2025-09-03,0,0
dixon correctional center,Shift 2,2025-09-03,0,0
dixon correctional center,Shift 3,2025-09-03,0,0
east moline correctional center,Shift 1,2025-09-03,0,0
east moline correctional center,Shift 2,2025-09-03,0,0
east moline correctional center,Shift 3,2025-09-03,0,0
graham correctional center,Shift 1,2025-09-03,0,0
graham correctional center,Shift 2,2025-09-03,0,0
graham correctional center,Shift 3,2025-09-03,0,0
hill correctional center,Shift 1,2025-09-03,1,0
hill correctional center,Shift 2,2025-09-03,1,0
hill correctional center,Shift 3,2025-09-03,0,0
illinois river correctional center,Shift 1,2025-09-03,0,0
illinois river correctional center,Shift 2,2025-09-03,0,0
illinois river correctional center,Shift 3,2025-09-03,0,0
jacksonville correctional center,Shift 1,2025-09-03,0,0
jacksonville correctional center,Shift 2,2025-09-03,0,0
jacksonville correctional center,Shift 3,2025-09-03,0,0
joliet treatment center,Shift 1,2025-09-03,0,0
joliet treatment center,Shift 2,2025-09-03,0,0
joliet treatment center,Shift 3,2025-09-03,0,0
lawrence correctional center,Shift 1,2025-09-03,0,1
lawrence correctional center,Shift 2,2025-09-03,0,1
lawrence correctional center,Shift 3,2025-09-03,0,1
lincoln correctional center,Shift 1,2025-09-03,0,0
lincoln correctional center,Shift 2,2025-09-03,0,0
lincoln correctional center,Shift 3,2025-09-03,0,0
logan correctional center,Shift 1,2025-09-03,0,0
logan correctional center,Shift 2,2025-09-03,0,0
logan correctional center,Shift 3,2025-09-03,0,0
menard correctional center,Shift 1,2025-09-03,0,0
menard correctional center,Shift 2,2025-09-03,1,0
menard correctional center,Shift 3,2025-09-03,1,0
pinckneyville correctional center,Shift 1,2025-09-03,0,1
pinckneyville correctional center,Shift 2,2025-09-03,0,1
pinckneyville correctional center,Shift 3,2025-09-03,0,1
robinson correctional center,Shift 1,2025-09-03,0,0
robinson correctional center,Shift 2,2025-09-03,0,0
robinson correctional center,Shift 3,2025-09-03,0,0
shawnee correctional center,Shift 1,2025-09-03,0,0
shawnee correctional center,Shift 2,2025-09-03,0,0
shawnee correctional center,Shift 3,2025-09-03,0,0
sheridan correctional center,Shift 1,2025-09-03,0,0
sheridan correctional center,Shift 2,2025-09-03,0,0
sheridan correctional center,Shift 3,2025-09-03,0,0
southwestern illinois correctional center,Shift 1,2025-09-03,0,0
southwestern illinois correctional center,Shift 2,2025-09-03,0,0
southwestern illinois correctional center,Shift 3,2025-09-03,0,0
stateville correctional center,Shift 1,2025-09-03,0,0
stateville correctional center,Shift 2,2025-09-03,0,0
stateville correctional center,Shift 3,2025-09-03,0,0
taylorville correctional center,Shift 1,2025-09-03,0,0
taylorville correctional center,Shift 2,2025-09-03,0,0
taylorville correctional center,Shift 3,2025-09-03,0,0
vandalia correctional center,Shift 1,2025-09-03,1,0
vandalia correctional center,Shift 2,2025-09-03,1,0
vandalia correctional center,Shift 3,2025-09-03,1,0
vienna correctional center,Shift 1,2025-09-03,0,0
vienna correctional center,Shift 2,2025-09-03,0,0
vienna correctional center,Shift 3,2025-09-03,0,0
western illinois correctional center,Shift 1,2025-09-03,0,0
western illinois correctional center,Shift 2,2025-09-03,0,1
western illinois correctional center,Shift 3,2025-09-03,0,1
big muddy river correctional center,Shift 1,2025-09-04,0,0
big muddy river correctional center,Shift 2,2025-09-04,0,0
big muddy river correctional center,Shift 3,2025-09-04,0,0
centralia correctional center,Shift 1,2025-09-04,0,0
centralia correctional center,Shift 2,2025-09-04,0,0
centralia correctional center,Shift 3,2025-09-04,0,0
danville correctional center,Shift 1,2025-09-04,0,0
danville correctional center,Shift 2,2025-09-04,0,0
danville correctional center,Shift 3,2025-09-04,0,0
decatur correctional center,Shift 1,2025-09-04,0,0
decatur correctional center,Shift 2,2025-09-04,0,0
decatur correctional center,Shift 3,2025-09-04,0,0
dixon correctional center,Shift 1,2025-09-04,0,0
dixon correctional center,Shift 2,2025-09-04,0,0
dixon correctional center,Shift 3,2025-09-04,0,0
east moline correctional center,Shift 1,2025-09-04,0,0
east moline correctional center,Shift 2,2025-09-04,0,0
east moline correctional center,Shift 3,2025-09-04,0,0
graham correctional center,Shift 1,2025-09-04,0,0
graham correctional center,Shift 2,2025-09-04,0,0
graham correctional center,Shift 3,2025-09-04,0,0
hill correctional center,Shift 1,2025-09-04,1,0
hill correctional center,Shift 2,2025-09-04,1,0
hill correctional center,Shift 3,2025-09-04,1,0
illinois river correctional center,Shift 1,2025-09-04,0,0
illinois river correctional center,Shift 2,2025-09-04,0,0
illinois river correctional center,Shift 3,2025-09-04,0,0
jacksonville correctional center,Shift 1,2025-09-04,0,0
jacksonville correctional center,Shift 2,2025-09-04,0,0
jacksonville correctional center,Shift 3,2025-09-04,0,0
joliet treatment center,Shift 1,2025-09-04,0,0
joliet treatment center,Shift 2,2025-09-04,0,0
joliet treatment center,Shift 3,2025-09-04,0,0
lawrence correctional center,Shift 1,2025-09-04,0,1
lawrence correctional center,Shift 2,2025-09-04,0,1
lawrence correctional center,Shift 3,2025-09-04,0,1
lincoln correctional center,Shift 1,2025-09-04,0,0
lincoln correctional center,Shift 2,2025-09-04,0,0
lincoln correctional center,Shift 3,2025-09-04,0,0
logan correctional center,Shift 1,2025-09-04,0,0
logan correctional center,Shift 2,2025-09-04,0,0
logan correctional center,Shift 3,2025-09-04,0,0
menard correctional center,Shift 1,2025-09-04,0,0
menard correctional center,Shift 2,2025-09-04,0,0
menard correctional center,Shift 3,2025-09-04,0,0
pinckneyville correctional center,Shift 1,2025-09-04,0,1
pinckneyville correctional center,Shift 2,2025-09-04,0,1
pinckneyville correctional center,Shift 3,2025-09-04,0,1
robinson correctional center,Shift 1,2025-09-04,0,0
robinson correctional center,Shift 2,2025-09-04,0,0
robinson correctional center,Shift 3,2025-09-04,0,0
shawnee correctional center,Shift 1,2025-09-04,0,0
shawnee correctional center,Shift 2,2025-09-04,0,0
shawnee correctional center,Shift 3,2025-09-04,0,0
sheridan correctional center,Shift 1,2025-09-04,0,0
sheridan correctional center,Shift 2,2025-09-04,0,0
sheridan correctional center,Shift 3,2025-09-04,0,0
southwestern illinois correctional center,Shift 1,2025-09-04,0,0
southwestern illinois correctional center,Shift 2,2025-09-04,0,0
southwestern illinois correctional center,Shift 3,2025-09-04,0,0
stateville correctional center,Shift 1,2025-09-04,0,0
stateville correctional center,Shift 2,2025-09-04,0,0
stateville correctional center,Shift 3,2025-09-04,0,0
taylorville correctional center,Shift 1,2025-09-04,0,0
taylorville correctional center,Shift 2,2025-09-04,0,0
taylorville correctional center,Shift 3,2025-09-04,0,0
vandalia correctional center,Shift 1,2025-09-04,1,0
vandalia correctional center,Shift 2,2025-09-04,0,0
vandalia correctional center,Shift 3,2025-09-04,0,0
vienna correctional center,Shift 1,2025-09-04,0,0
vienna correctional center,Shift 2,2025-09-04,0,0
vienna correctional center,Shift 3,2025-09-04,0,0
western illinois correctional center,Shift 1,2025-09-04,0,0
western illinois correctional center,Shift 2,2025-09-04,1,0
western illinois correctional center,Shift 3,2025-09-04,0,0
big muddy river correctional center,Shift 1,2025-09-05,0,0
big muddy river correctional center,Shift 2,2025-09-05,0,0
big muddy river correctional center,Shift 3,2025-09-05,0,0
centralia correctional center,Shift 1,2025-09-05,0,0
centralia correctional center,Shift 2,2025-09-05,0,0
centralia correctional center,Shift 3,2025-09-05,0,0
danville correctional center,Shift 1,2025-09-05,0,0
danville correctional center,Shift 2,2025-09-05,0,0
danville correctional center,Shift 3,2025-09-05,0,0
decatur correctional center,Shift 1,2025-09-05,0,0
decatur correctional center,Shift 2,2025-09-05,0,0
decatur correctional center,Shift 3,2025-09-05,0,0
dixon correctional center,Shift 1,2025-09-05,0,0
dixon correctional center,Shift 2,2025-09-05,0,0
dixon correctional center,Shift 3,2025-09-05,0,0
east moline correctional center,Shift 1,2025-09-05,0,0
east moline correctional center,Shift 2,2025-09-05,0,0
east moline correctional center,Shift 3,2025-09-05,0,0
graham correctional center,Shift 1,2025-09-05,0,0
graham correctional center,Shift 2,2025-09-05,0,0
graham correctional center,Shift 3,2025-09-05,0,0
hill correctional center,Shift 1,2025-09-05,0,0
hill correctional center,Shift 2,2025-09-05,0,0
hill correctional center,Shift 3,2025-09-05,1,0
illinois river correctional center,Shift 1,2025-09-05,0,0
illinois river correctional center,Shift 2,2025-09-05,0,0
illinois river correctional center,Shift 3,2025-09-05,0,0
jacksonville correctional center,Shift 1,2025-09-05,0,0
jacksonville correctional center,Shift 2,2025-09-05,0,0
jacksonville correctional center,Shift 3,2025-09-05,0,0
joliet treatment center,Shift 1,2025-09-05,0,0
joliet treatment center,Shift 2,2025-09-05,0,0
joliet treatment center,Shift 3,2025-09-05,0,0
lawrence correctional center,Shift 1,2025-09-05,0,1
lawrence correctional center,Shift 2,2025-09-05,0,1
lawrence correctional center,Shift 3,2025-09-05,0,0
lincoln correctional center,Shift 1,2025-09-05,0,0
lincoln correctional center,Shift 2,2025-09-05,0,0
lincoln correctional center,Shift 3,2025-09-05,0,0
logan correctional center,Shift 1,2025-09-05,0,0
logan correctional center,Shift 2,2025-09-05,0,0
logan correctional center,Shift 3,2025-09-05,0,0
menard correctional center,Shift 1,2025-09-05,0,0
menard correctional center,Shift 2,2025-09-05,0,0
menard correctional center,Shift 3,2025-09-05,0,0
pinckneyville correctional center,Shift 1,2025-09-05,0,1
pinckneyville correctional center,Shift 2,2025-09-05,0,1
pinckneyville correctional center,Shift 3,2025-09-05,0,1
robinson correctional center,Shift 1,2025-09-05,0,0
robinson correctional center,Shift 2,2025-09-05,0,0
robinson correctional center,Shift 3,2025-09-05,0,0
shawnee correctional center,Shift 1,2025-09-05,0,0
shawnee correctional center,Shift 2,2025-09-05,0,0
shawnee correctional center,Shift 3,2025-09-05,0,0
sheridan correctional center,Shift 1,2025-09-05,0,0
sheridan correctional center,Shift 2,2025-09-05,0,0
sheridan correctional center,Shift 3,2025-09-05,0,0
southwestern illinois correctional center,Shift 1,2025-09-05,0,0
southwestern illinois correctional center,Shift 2,2025-09-05,0,0
southwestern illinois correctional center,Shift 3,2025-09-05,0,0
stateville correctional center,Shift 1,2025-09-05,0,0
stateville correctional center,Shift 2,2025-09-05,0,0
stateville correctional center,Shift 3,2025-09-05,0,0
taylorville correctional center,Shift 1,2025-09-05,0,0
taylorville correctional center,Shift 2,2025-09-05,0,0
taylorville correctional center,Shift 3,2025-09-05,0,0
vandalia correctional center,Shift 1,2025-09-05,0,0
vandalia correctional center,Shift 2,2025-09-05,0,0
vandalia correctional center,Shift 3,2025-09-05,0,0
vienna correctional center,Shift 1,2025-09-05,0,0
vienna correctional center,Shift 2,2025-09-05,0,0
vienna correctional center,Shift 3,2025-09-05,0,0
western illinois correctional center,Shift 1,2025-09-05,0,0
western illinois correctional center,Shift 2,2025-09-05,0,0
western illinois correctional center,Shift 3,2025-09-05,0,0
big muddy river correctional center,Shift 1,2025-09-06,0,0
big muddy river correctional center,Shift 2,2025-09-06,0,0
big muddy river correctional center,Shift 3,2025-09-06,0,0
centralia correctional center,Shift 1,2025-09-06,0,0
centralia correctional center,Shift 2,2025-09-06,0,0
centralia correctional center,Shift 3,2025-09-06,0,0
danville correctional center,Shift 1,2025-09-06,0,0
danville correctional center,Shift 2,2025-09-06,0,0
danville correctional center,Shift 3,2025-09-06,0,0
decatur correctional center,Shift 1,2025-09-06,0,0
decatur correctional center,Shift 2,2025-09-06,0,0
decatur correctional center,Shift 3,2025-09-06,0,0
dixon correctional center,Shift 1,2025-09-06,0,0
dixon correctional center,Shift 2,2025-09-06,0,0
dixon correctional center,Shift 3,2025-09-06,0,0
east moline correctional center,Shift 1,2025-09-06,0,0
east moline correctional center,Shift 2,2025-09-06,0,0
east moline correctional center,Shift 3,2025-09-06,0,0
graham correctional center,Shift 1,2025-09-06,0,0
graham correctional center,Shift 2,2025-09-06,0,0
graham correctional center,Shift 3,2025-09-06,0,0
hill correctional center,Shift 1,2025-09-06,1,0
hill correctional center,Shift 2,2025-09-06,1,0
hill correctional center,Shift 3,2025-09-06,1,0
illinois river correctional center,Shift 1,2025-09-06,0,0
illinois river correctional center,Shift 2,2025-09-06,0,0
illinois river correctional center,Shift 3,2025-09-06,0,0
jacksonville correctional center,Shift 1,2025-09-06,0,0
jacksonville correctional center,Shift 2,2025-09-06,0,0
jacksonville correctional center,Shift 3,2025-09-06,0,0
joliet treatment center,Shift 1,2025-09-06,0,0
joliet treatment center,Shift 2,2025-09-06,0,0
joliet treatment center,Shift 3,2025-09-06,0,0
lawrence correctional center,Shift 1,2025-09-06,0,1
lawrence correctional center,Shift 2,2025-09-06,0,1
lawrence correctional center,Shift 3,2025-09-06,0,1
lincoln correctional center,Shift 1,2025-09-06,0,0
lincoln correctional center,Shift 2,2025-09-06,0,0
lincoln correctional center,Shift 3,2025-09-06,0,0
logan correctional center,Shift 1,2025-09-06,0,0
logan correctional center,Shift 2,2025-09-06,0,0
logan correctional center,Shift 3,2025-09-06,0,0
menard correctional center,Shift 1,2025-09-06,0,0
menard correctional center,Shift 2,2025-09-06,0,0
menard correctional center,Shift 3,2025-09-06,0,0
pinckneyville correctional center,Shift 1,2025-09-06,0,1
pinckneyville correctional center,Shift 2,2025-09-06,0,1
pinckneyville correctional center,Shift 3,2025-09-06,0,1
robinson correctional center,Shift 1,2025-09-06,0,0
robinson correctional center,Shift 2,2025-09-06,0,0
robinson correctional center,Shift 3,2025-09-06,0,0
shawnee correctional center,Shift 1,2025-09-06,0,0
shawnee correctional center,Shift 2,2025-09-06,0,0
shawnee correctional center,Shift 3,2025-09-06,0,0
sheridan correctional center,Shift 1,2025-09-06,0,0
sheridan correctional center,Shift 2,2025-09-06,0,0
sheridan correctional center,Shift 3,2025-09-06,0,0
southwestern illinois correctional center,Shift 1,2025-09-06,0,0
southwestern illinois correctional center,Shift 2,2025-09-06,0,0
southwestern illinois correctional center,Shift 3,2025-09-06,0,0
stateville correctional center,Shift 1,2025-09-06,0,0
stateville correctional center,Shift 2,2025-09-06,0,0
stateville correctional center,Shift 3,2025-09-06,0,0
taylorville correctional center,Shift 1,2025-09-06,0,0
taylorville correctional center,Shift 2,2025-09-06,0,0
taylorville correctional center,Shift 3,2025-09-06,0,0
vandalia correctional center,Shift 1,2025-09-06,0,0
vandalia correctional center,Shift 2,2025-09-06,0,0
vandalia correctional center,Shift 3,2025-09-06,0,0
vienna correctional center,Shift 1,2025-09-06,0,0
vienna correctional center,Shift 2,2025-09-06,0,0
vienna correctional center,Shift 3,2025-09-06,0,0
western illinois correctional center,Shift 1,2025-09-06,0,0
western illinois correctional center,Shift 2,2025-09-06,0,0
western illinois correctional center,Shift 3,2025-09-06,0,0
big muddy river correctional center,Shift 1,2025-09-07,0,0
big muddy river correctional center,Shift 2,2025-09-07,0,0
big muddy river correctional center,Shift 3,2025-09-07,0,0
centralia correctional center,Shift 1,2025-09-07,0,0
centralia correctional center,Shift 2,2025-09-07,0,0
centralia correctional center,Shift 3,2025-09-07,0,0
danville correctional center,Shift 1,2025-09-07,1,0
danville correctional center,Shift 2,2025-09-07,0,0
danville correctional center,Shift 3,2025-09-07,0,0
decatur correctional center,Shift 1,2025-09-07,0,0
decatur correctional center,Shift 2,2025-09-07,0,0
decatur correctional center,Shift 3,2025-09-07,0,0
dixon correctional center,Shift 1,2025-09-07,0,0
dixon correctional center,Shift 2,2025-09-07,0,0
dixon correctional center,Shift 3,2025-09-07,0,0
east moline correctional center,Shift 1,2025-09-07,0,0
east moline correctional center,Shift 2,2025-09-07,0,0
east moline correctional center,Shift 3,2025-09-07,0,0
graham correctional center,Shift 1,2025-09-07,0,0
graham correctional center,Shift 2,2025-09-07,0,0
graham correctional center,Shift 3,2025-09-07,1,0
hill correctional center,Shift 1,2025-09-07,1,0
hill correctional center,Shift 2,2025-09-07,1,0
hill correctional center,Shift 3,2025-09-07,1,0
illinois river correctional center,Shift 1,2025-09-07,0,0
illinois river correctional center,Shift 2,2025-09-07,0,0
illinois river correctional center,Shift 3,2025-09-07,0,0
jacksonville correctional center,Shift 1,2025-09-07,0,0
jacksonville correctional center,Shift 2,2025-09-07,0,0
jacksonville correctional center,Shift 3,2025-09-07,0,0
joliet treatment center,Shift 1,2025-09-07,0,0
joliet treatment center,Shift 2,2025-09-07,0,0
joliet treatment center,Shift 3,2025-09-07,0,0
lawrence correctional center,Shift 1,2025-09-07,0,1
lawrence correctional center,Shift 2,2025-09-07,0,1
lawrence correctional center,Shift 3,2025-09-07,1,1
lincoln correctional center,Shift 1,2025-09-07,0,0
lincoln correctional center,Shift 2,2025-09-07,0,0
lincoln correctional center,Shift 3,2025-09-07,0,0
logan correctional center,Shift 1,2025-09-07,0,0
logan correctional center,Shift 2,2025-09-07,0,0
logan correctional center,Shift 3,2025-09-07,0,0
menard correctional center,Shift 1,2025-09-07,0,0
menard correctional center,Shift 2,2025-09-07,0,0
menard correctional center,Shift 3,2025-09-07,0,0
pinckneyville correctional center,Shift 1,2025-09-07,0,1
pinckneyville correctional center,Shift 2,2025-09-07,0,1
pinckneyville correctional center,Shift 3,2025-09-07,0,0
robinson correctional center,Shift 1,2025-09-07,0,0
robinson correctional center,Shift 2,2025-09-07,0,0
robinson correctional center,Shift 3,2025-09-07,0,0
shawnee correctional center,Shift 1,2025-09-07,0,0
shawnee correctional center,Shift 2,2025-09-07,0,0
shawnee correctional center,Shift 3,2025-09-07,0,0
sheridan correctional center,Shift 1,2025-09-07,0,0
sheridan correctional center,Shift 2,2025-09-07,0,0
sheridan correctional center,Shift 3,2025-09-07,0,0
southwestern illinois correctional center,Shift 1,2025-09-07,0,0
southwestern illinois correctional center,Shift 2,2025-09-07,0,0
southwestern illinois correctional center,Shift 3,2025-09-07,0,0
stateville correctional center,Shift 1,2025-09-07,0,0
stateville correctional center,Shift 2,2025-09-07,0,0
stateville correctional center,Shift 3,2025-09-07,0,0
taylorville correctional center,Shift 1,2025-09-07,0,0
taylorville correctional center,Shift 2,2025-09-07,0,0
taylorville correctional center,Shift 3,2025-09-07,0,0
vandalia correctional center,Shift 1,2025-09-07,0,0
vandalia correctional center,Shift 2,2025-09-07,0,0
vandalia correctional center,Shift 3,2025-09-07,0,0
vienna correctional center,Shift 1,2025-09-07,0,0
vienna correctional center,Shift 2,2025-09-07,0,0
vienna correctional center,Shift 3,2025-09-07,0,0
western illinois correctional center,Shift 1,2025-09-07,0,0
western illinois correctional center,Shift 2,2025-09-07,0,0
western illinois correctional center,Shift 3,2025-09-07,0,0
big muddy river correctional center,Shift 1,2025-09-08,0,0
big muddy river correctional center,Shift 2,2025-09-08,0,0
big muddy river correctional center,Shift 3,2025-09-08,0,0
centralia correctional center,Shift 1,2025-09-08,0,0
centralia correctional center,Shift 2,2025-09-08,0,0
centralia correctional center,Shift 3,2025-09-08,0,0
danville correctional center,Shift 1,2025-09-08,0,0
danville correctional center,Shift 2,2025-09-08,0,0
danville correctional center,Shift 3,2025-09-08,0,0
decatur correctional center,Shift 1,2025-09-08,0,0
decatur correctional center,Shift 2,2025-09-08,0,0
decatur correctional center,Shift 3,2025-09-08,0,0
dixon correctional center,Shift 1,2025-09-08,0,0
dixon correctional center,Shift 2,2025-09-08,0,0
dixon correctional center,Shift 3,2025-09-08,0,0
east moline correctional center,Shift 1,2025-09-08,0,0
east moline correctional center,Shift 2,2025-09-08,0,0
east moline correctional center,Shift 3,2025-09-08,0,0
graham correctional center,Shift 1,2025-09-08,1,0
graham correctional center,Shift 2,2025-09-08,0,0
graham correctional center,Shift 3,2025-09-08,0,0
hill correctional center,Shift 1,2025-09-08,1,0
hill correctional center,Shift 2,2025-09-08,0,0
hill correctional center,Shift 3,2025-09-08,1,0
illinois river correctional center,Shift 1,2025-09-08,0,0
illinois river correctional center,Shift 2,2025-09-08,0,0
illinois river correctional center,Shift 3,2025-09-08,0,0
jacksonville correctional center,Shift 1,2025-09-08,0,0
jacksonville correctional center,Shift 2,2025-09-08,0,0
jacksonville correctional center,Shift 3,2025-09-08,0,0
joliet treatment center,Shift 1,2025-09-08,0,0
joliet treatment center,Shift 2,2025-09-08,0,0
joliet treatment center,Shift 3,2025-09-08,0,0
lawrence correctional center,Shift 1,2025-09-08,1,0
lawrence correctional center,Shift 2,2025-09-08,0,0
lawrence correctional center,Shift 3,2025-09-08,0,0
lincoln correctional center,Shift 1,2025-09-08,0,0
lincoln correctional center,Shift 2,2025-09-08,0,0
lincoln correctional center,Shift 3,2025-09-08,0,0
logan correctional center,Shift 1,2025-09-08,0,0
logan correctional center,Shift 2,2025-09-08,0,0
logan correctional center,Shift 3,2025-09-08,0,0
menard correctional center,Shift 1,2025-09-08,0,0
menard correctional center,Shift 2,2025-09-08,0,0
menard correctional center,Shift 3,2025-09-08,1,0
pinckneyville correctional center,Shift 1,2025-09-08,0,0
pinckneyville correctional center,Shift 2,2025-09-08,0,0
pinckneyville correctional center,Shift 3,2025-09-08,0,0
robinson correctional center,Shift 1,2025-09-08,0,0
robinson correctional center,Shift 2,2025-09-08,0,0
robinson correctional center,Shift 3,2025-09-08,0,0
shawnee correctional center,Shift 1,2025-09-08,0,0
shawnee correctional center,Shift 2,2025-09-08,0,0
shawnee correctional center,Shift 3,2025-09-08,0,0
sheridan correctional center,Shift 1,2025-09-08,0,0
sheridan correctional center,Shift 2,2025-09-08,0,0
sheridan correctional center,Shift 3,2025-09-08,0,0
southwestern illinois correctional center,Shift 1,2025-09-08,0,0
southwestern illinois correctional center,Shift 2,2025-09-08,0,0
southwestern illinois correctional center,Shift 3,2025-09-08,0,0
stateville correctional center,Shift 1,2025-09-08,0,0
stateville correctional center,Shift 2,2025-09-08,0,0
stateville correctional center,Shift 3,2025-09-08,0,0
taylorville correctional center,Shift 1,2025-09-08,0,0
taylorville correctional center,Shift 2,2025-09-08,0,0
taylorville correctional center,Shift 3,2025-09-08,0,0
vandalia correctional center,Shift 1,2025-09-08,0,0
vandalia correctional center,Shift 2,2025-09-08,0,0
vandalia correctional center,Shift 3,2025-09-08,0,0
vienna correctional center,Shift 1,2025-09-08,0,0
vienna correctional center,Shift 2,2025-09-08,0,0
vienna correctional center,Shift 3,2025-09-08,0,0
western illinois correctional center,Shift 1,2025-09-08,0,0
western illinois correctional center,Shift 2,2025-09-08,0,0
western illinois correctional center,Shift 3,2025-09-08,0,0
big muddy river correctional center,Shift 1,2025-09-09,0,0
big muddy river correctional center,Shift 2,2025-09-09,0,0
big muddy river correctional center,Shift 3,2025-09-09,0,0
centralia correctional center,Shift 1,2025-09-09,0,0
centralia correctional center,Shift 2,2025-09-09,0,0
centralia correctional center,Shift 3,2025-09-09,0,0
danville correctional center,Shift 1,2025-09-09,0,0
danville correctional center,Shift 2,2025-09-09,0,0
danville correctional center,Shift 3,2025-09-09,0,0
decatur correctional center,Shift 1,2025-09-09,0,0
decatur correctional center,Shift 2,2025-09-09,0,0
decatur correctional center,Shift 3,2025-09-09,0,0
dixon correctional center,Shift 1,2025-09-09,0,0
dixon correctional center,Shift 2,2025-09-09,0,0
dixon correctional center,Shift 3,2025-09-09,0,0
east moline correctional center,Shift 1,2025-09-09,0,0
east moline correctional center,Shift 2,2025-09-09,0,0
east moline correctional center,Shift 3,2025-09-09,0,0
graham correctional center,Shift 1,2025-09-09,0,0
graham correctional center,Shift 2,2025-09-09,0,0
graham correctional center,Shift 3,2025-09-09,0,1
hill correctional center,Shift 1,2025-09-09,1,0
hill correctional center,Shift 2,2025-09-09,1,0
hill correctional center,Shift 3,2025-09-09,1,0
illinois river correctional center,Shift 1,2025-09-09,0,0
illinois river correctional center,Shift 2,2025-09-09,0,0
illinois river correctional center,Shift 3,2025-09-09,0,0
jacksonville correctional center,Shift 1,2025-09-09,0,0
jacksonville correctional center,Shift 2,2025-09-09,0,0
jacksonville correctional center,Shift 3,2025-09-09,0,0
joliet treatment center,Shift 1,2025-09-09,0,0
joliet treatment center,Shift 2,2025-09-09,0,0
joliet treatment center,Shift 3,2025-09-09,0,0
lawrence correctional center,Shift 1,2025-09-09,0,0
lawrence correctional center,Shift 2,2025-09-09,0,0
lawrence correctional center,Shift 3,2025-09-09,0,0
lincoln correctional center,Shift 1,2025-09-09,0,0
lincoln correctional center,Shift 2,2025-09-09,0,0
lincoln correctional center,Shift 3,2025-09-09,0,0
logan correctional center,Shift 1,2025-09-09,0,0
logan correctional center,Shift 2,2025-09-09,0,0
logan correctional center,Shift 3,2025-09-09,0,0
menard correctional center,Shift 1,2025-09-09,0,0
menard correctional center,Shift 2,2025-09-09,0,0
menard correctional center,Shift 3,2025-09-09,0,0
pinckneyville correctional center,Shift 1,2025-09-09,0,1
pinckneyville correctional center,Shift 2,2025-09-09,0,1
pinckneyville correctional center,Shift 3,2025-09-09,0,1
robinson correctional center,Shift 1,2025-09-09,0,0
robinson correctional center,Shift 2,2025-09-09,0,0
robinson correctional center,Shift 3,2025-09-09,0,0
shawnee correctional center,Shift 1,2025-09-09,0,0
shawnee correctional center,Shift 2,2025-09-09,0,0
shawnee correctional center,Shift 3,2025-09-09,0,0
sheridan correctional center,Shift 1,2025-09-09,0,0
sheridan correctional center,Shift 2,2025-09-09,1,0
sheridan correctional center,Shift 3,2025-09-09,1,0
southwestern illinois correctional center,Shift 1,2025-09-09,0,0
southwestern illinois correctional center,Shift 2,2025-09-09,0,0
southwestern illinois correctional center,Shift 3,2025-09-09,0,0
stateville correctional center,Shift 1,2025-09-09,0,0
stateville correctional center,Shift 2,2025-09-09,0,0
stateville correctional center,Shift 3,2025-09-09,0,0
taylorville correctional center,Shift 1,2025-09-09,0,0
taylorville correctional center,Shift 2,2025-09-09,0,0
taylorville correctional center,Shift 3,2025-09-09,0,0
vandalia correctional center,Shift 1,2025-09-09,0,0
vandalia correctional center,Shift 2,2025-09-09,0,0
vandalia correctional center,Shift 3,2025-09-09,0,0
vienna correctional center,Shift 1,2025-09-09,0,0
vienna correctional center,Shift 2,2025-09-09,0,0
vienna correctional center,Shift 3,2025-09-09,0,0
western illinois correctional center,Shift 1,2025-09-09,0,0
western illinois correctional center,Shift 2,2025-09-09,0,0
western illinois correctional center,Shift 3,2025-09-09,0,0
big muddy river correctional center,Shift 1,2025-09-10,0,0
big muddy river correctional center,Shift 2,2025-09-10,0,0
big muddy river correctional center,Shift 3,2025-09-10,0,0
centralia correctional center,Shift 1,2025-09-10,0,0
centralia correctional center,Shift 2,2025-09-10,0,0
centralia correctional center,Shift 3,2025-09-10,0,0
danville correctional center,Shift 1,2025-09-10,0,0
danville correctional center,Shift 2,2025-09-10,0,0
danville correctional center,Shift 3,2025-09-10,0,0
decatur correctional center,Shift 1,2025-09-10,0,0
decatur correctional center,Shift 2,2025-09-10,0,0
decatur correctional center,Shift 3,2025-09-10,0,0
dixon correctional center,Shift 1,2025-09-10,0,0
dixon correctional center,Shift 2,2025-09-10,0,0
dixon correctional center,Shift 3,2025-09-10,0,0
east moline correctional center,Shift 1,2025-09-10,0,0
east moline correctional center,Shift 2,2025-09-10,0,0
east moline correctional center,Shift 3,2025-09-10,0,0
graham correctional center,Shift 1,2025-09-10,0,1
graham correctional center,Shift 2,2025-09-10,0,1
graham correctional center,Shift 3,2025-09-10,0,0
hill correctional center,Shift 1,2025-09-10,1,0
hill correctional center,Shift 2,2025-09-10,0,0
hill correctional center,Shift 3,2025-09-10,0,0
illinois river correctional center,Shift 1,2025-09-10,0,0
illinois river correctional center,Shift 2,2025-09-10,0,0
illinois river correctional center,Shift 3,2025-09-10,0,0
jacksonville correctional center,Shift 1,2025-09-10,0,0
jacksonville correctional center,Shift 2,2025-09-10,0,0
jacksonville correctional center,Shift 3,2025-09-10,0,0
joliet treatment center,Shift 1,2025-09-10,0,0
joliet treatment center,Shift 2,2025-09-10,0,0
joliet treatment center,Shift 3,2025-09-10,0,0
lawrence correctional center,Shift 1,2025-09-10,0,0
lawrence correctional center,Shift 2,2025-09-10,0,0
lawrence correctional center,Shift 3,2025-09-10,0,0
lincoln correctional center,Shift 1,2025-09-10,0,0
lincoln correctional center,Shift 2,2025-09-10,0,0
lincoln correctional center,Shift 3,2025-09-10,0,0
logan correctional center,Shift 1,2025-09-10,0,0
logan correctional center,Shift 2,2025-09-10,0,0
logan correctional center,Shift 3,2025-09-10,0,0
menard correctional center,Shift 1,2025-09-10,0,0
menard correctional center,Shift 2,2025-09-10,0,0
menard correctional center,Shift 3,2025-09-10,0,0
pinckneyville correctional center,Shift 1,2025-09-10,0,1
pinckneyville correctional center,Shift 2,2025-09-10,0,1
pinckneyville correctional center,Shift 3,2025-09-10,0,1
robinson correctional center,Shift 1,2025-09-10,0,0
robinson correctional center,Shift 2,2025-09-10,0,0
robinson correctional center,Shift 3,2025-09-10,0,0
shawnee correctional center,Shift 1,2025-09-10,0,0
shawnee correctional center,Shift 2,2025-09-10,0,0
shawnee correctional center,Shift 3,2025-09-10,0,0
sheridan correctional center,Shift 1,2025-09-10,0,0
sheridan correctional center,Shift 2,2025-09-10,0,0
sheridan correctional center,Shift 3,2025-09-10,0,0
southwestern illinois correctional center,Shift 1,2025-09-10,0,0
southwestern illinois correctional center,Shift 2,2025-09-10,0,0
southwestern illinois correctional center,Shift 3,2025-09-10,0,0
stateville correctional center,Shift 1,2025-09-10,0,0
stateville correctional center,Shift 2,2025-09-10,0,0
stateville correctional center,Shift 3,2025-09-10,0,0
taylorville correctional center,Shift 1,2025-09-10,0,0
taylorville correctional center,Shift 2,2025-09-10,0,0
taylorville correctional center,Shift 3,2025-09-10,0,0
vandalia correctional center,Shift 1,2025-09-10,0,0
vandalia correctional center,Shift 2,2025-09-10,0,0
vandalia correctional center,Shift 3,2025-09-10,0,0
vienna correctional center,Shift 1,2025-09-10,0,0
vienna correctional center,Shift 2,2025-09-10,0,0
vienna correctional center,Shift 3,2025-09-10,0,0
western illinois correctional center,Shift 1,2025-09-10,0,0
western illinois correctional center,Shift 2,2025-09-10,0,1
western illinois correctional center,Shift 3,2025-09-10,0,1
big muddy river correctional center,Shift 1,2025-09-11,0,0
big muddy river correctional center,Shift 2,2025-09-11,0,0
big muddy river correctional center,Shift 3,2025-09-11,0,0
centralia correctional center,Shift 1,2025-09-11,0,0
centralia correctional center,Shift 2,2025-09-11,0,0
centralia correctional center,Shift 3,2025-09-11,0,0
danville correctional center,Shift 1,2025-09-11,0,0
danville correctional center,Shift 2,2025-09-11,0,0
danville correctional center,Shift 3,2025-09-11,0,0
decatur correctional center,Shift 1,2025-09-11,0,0
decatur correctional center,Shift 2,2025-09-11,0,0
decatur correctional center,Shift 3,2025-09-11,0,0
dixon correctional center,Shift 1,2025-09-11,0,0
dixon correctional center,Shift 2,2025-09-11,0,0
dixon correctional center,Shift 3,2025-09-11,0,0
east moline correctional center,Shift 1,2025-09-11,0,0
east moline correctional center,Shift 2,2025-09-11,0,0
east moline correctional center,Shift 3,2025-09-11,0,0
graham correctional center,Shift 1,2025-09-11,0,0
graham correctional center,Shift 2,2025-09-11,0,0
graham correctional center,Shift 3,2025-09-11,0,0
hill correctional center,Shift 1,2025-09-11,1,0
hill correctional center,Shift 2,2025-09-11,0,1
hill correctional center,Shift 3,2025-09-11,0,1
illinois river correctional center,Shift 1,2025-09-11,0,0
illinois river correctional center,Shift 2,2025-09-11,0,0
illinois river correctional center,Shift 3,2025-09-11,0,0
jacksonville correctional center,Shift 1,2025-09-11,0,0
jacksonville correctional center,Shift 2,2025-09-11,0,0
jacksonville correctional center,Shift 3,2025-09-11,0,0
joliet treatment center,Shift 1,2025-09-11,0,0
joliet treatment center,Shift 2,2025-09-11,0,0
joliet treatment center,Shift 3,2025-09-11,0,0
lawrence correctional center,Shift 1,2025-09-11,0,0
lawrence correctional center,Shift 2,2025-09-11,0,0
lawrence correctional center,Shift 3,2025-09-11,0,0
lincoln correctional center,Shift 1,2025-09-11,0,0
lincoln correctional center,Shift 2,2025-09-11,0,0
lincoln correctional center,Shift 3,2025-09-11,0,0
logan correctional center,Shift 1,2025-09-11,0,0
logan correctional center,Shift 2,2025-09-11,0,0
logan correctional center,Shift 3,2025-09-11,0,0
menard correctional center,Shift 1,2025-09-11,0,0
menard correctional center,Shift 2,2025-09-11,0,0
menard correctional center,Shift 3,2025-09-11,0,0
pinckneyville correctional center,Shift 1,2025-09-11,0,1
pinckneyville correctional center,Shift 2,2025-09-11,0,0
pinckneyville correctional center,Shift 3,2025-09-11,0,0
robinson correctional center,Shift 1,2025-09-11,0,0
robinson correctional center,Shift 2,2025-09-11,0,0
robinson correctional center,Shift 3,2025-09-11,0,0
shawnee correctional center,Shift 1,2025-09-11,0,0
shawnee correctional center,Shift 2,2025-09-11,0,0
shawnee correctional center,Shift 3,2025-09-11,0,0
sheridan correctional center,Shift 1,2025-09-11,0,0
sheridan correctional center,Shift 2,2025-09-11,0,0
sheridan correctional center,Shift 3,2025-09-11,0,0
southwestern illinois correctional center,Shift 1,2025-09-11,0,0
southwestern illinois correctional center,Shift 2,2025-09-11,0,0
southwestern illinois correctional center,Shift 3,2025-09-11,0,0
stateville correctional center,Shift 1,2025-09-11,0,0
stateville correctional center,Shift 2,2025-09-11,0,0
stateville correctional center,Shift 3,2025-09-11,0,0
taylorville correctional center,Shift 1,2025-09-11,0,0
taylorville correctional center,Shift 2,2025-09-11,0,0
taylorville correctional center,Shift 3,2025-09-11,0,0
vandalia correctional center,Shift 1,2025-09-11,0,0
vandalia correctional center,Shift 2,2025-09-11,0,0
vandalia correctional center,Shift 3,2025-09-11,0,0
vienna correctional center,Shift 1,2025-09-11,0,0
vienna correctional center,Shift 2,2025-09-11,0,0
vienna correctional center,Shift 3,2025-09-11,0,0
western illinois correctional center,Shift 1,2025-09-11,0,1
western illinois correctional center,Shift 2,2025-09-11,0,1
western illinois correctional center,Shift 3,2025-09-11,0,1
big muddy river correctional center,Shift 1,2025-09-12,0,0
big muddy river correctional center,Shift 2,2025-09-12,0,0
big muddy river correctional center,Shift 3,2025-09-12,0,0
centralia correctional center,Shift 1,2025-09-12,0,0
centralia correctional center,Shift 2,2025-09-12,0,0
centralia correctional center,Shift 3,2025-09-12,0,0
danville correctional center,Shift 1,2025-09-12,0,0
danville correctional center,Shift 2,2025-09-12,0,0
danville correctional center,Shift 3,2025-09-12,0,0
decatur correctional center,Shift 1,2025-09-12,0,0
decatur correctional center,Shift 2,2025-09-12,0,0
decatur correctional center,Shift 3,2025-09-12,0,0
dixon correctional center,Shift 1,2025-09-12,0,0
dixon correctional center,Shift 2,2025-09-12,0,0
dixon correctional center,Shift 3,2025-09-12,0,0
east moline correctional center,Shift 1,2025-09-12,0,0
east moline correctional center,Shift 2,2025-09-12,0,0
east moline correctional center,Shift 3,2025-09-12,0,0
graham correctional center,Shift 1,2025-09-12,0,0
graham correctional center,Shift 2,2025-09-12,0,0
graham correctional center,Shift 3,2025-09-12,0,0
hill correctional center,Shift 1,2025-09-12,0,1
hill correctional center,Shift 2,2025-09-12,0,1
hill correctional center,Shift 3,2025-09-12,0,1
illinois river correctional center,Shift 1,2025-09-12,0,0
illinois river correctional center,Shift 2,2025-09-12,0,0
illinois river correctional center,Shift 3,2025-09-12,0,0
jacksonville correctional center,Shift 1,2025-09-12,0,0
jacksonville correctional center,Shift 2,2025-09-12,0,0
jacksonville correctional center,Shift 3,2025-09-12,0,0
joliet treatment center,Shift 1,2025-09-12,0,0
joliet treatment center,Shift 2,2025-09-12,0,0
joliet treatment center,Shift 3,2025-09-12,0,0
lawrence correctional center,Shift 1,2025-09-12,0,0
lawrence correctional center,Shift 2,2025-09-12,0,0
lawrence correctional center,Shift 3,2025-09-12,0,0
lincoln correctional center,Shift 1,2025-09-12,0,0
lincoln correctional center,Shift 2,2025-09-12,0,0
lincoln correctional center,Shift 3,2025-09-12,0,0
logan correctional center,Shift 1,2025-09-12,0,0
logan correctional center,Shift 2,2025-09-12,0,0
logan correctional center,Shift 3,2025-09-12,0,0
menard correctional center,Shift 1,2025-09-12,0,0
menard correctional center,Shift 2,2025-09-12,0,0
menard correctional center,Shift 3,2025-09-12,0,0
pinckneyville correctional center,Shift 1,2025-09-12,0,0
pinckneyville correctional center,Shift 2,2025-09-12,0,0
pinckneyville correctional center,Shift 3,2025-09-12,0,0
robinson correctional center,Shift 1,2025-09-12,0,0
robinson correctional center,Shift 2,2025-09-12,0,0
robinson correctional center,Shift 3,2025-09-12,0,0
shawnee correctional center,Shift 1,2025-09-12,0,0
shawnee correctional center,Shift 2,2025-09-12,0,0
shawnee correctional center,Shift 3,2025-09-12,0,0
sheridan correctional center,Shift 1,2025-09-12,0,0
sheridan correctional center,Shift 2,2025-09-12,0,0
sheridan correctional center,Shift 3,2025-09-12,0,0
southwestern illinois correctional center,Shift 1,2025-09-12,0,0
southwestern illinois correctional center,Shift 2,2025-09-12,0,0
southwestern illinois correctional center,Shift 3,2025-09-12,0,0
stateville correctional center,Shift 1,2025-09-12,0,0
stateville correctional center,Shift 2,2025-09-12,0,0
stateville correctional center,Shift 3,2025-09-12,0,0
taylorville correctional center,Shift 1,2025-09-12,0,0
taylorville correctional center,Shift 2,2025-09-12,0,0
taylorville correctional center,Shift 3,2025-09-12,0,0
vandalia correctional center,Shift 1,2025-09-12,0,0
vandalia correctional center,Shift 2,2025-09-12,0,0
vandalia correctional center,Shift 3,2025-09-12,0,0
vienna correctional center,Shift 1,2025-09-12,0,0
vienna correctional center,Shift 2,2025-09-12,0,0
vienna correctional center,Shift 3,2025-09-12,0,0
western illinois correctional center,Shift 1,2025-09-12,0,1
western illinois correctional center,Shift 2,2025-09-12,0,0
western illinois correctional center,Shift 3,2025-09-12,0,0
big muddy river correctional center,Shift 1,2025-09-13,0,0
big muddy river correctional center,Shift 2,2025-09-13,0,0
big muddy river correctional center,Shift 3,2025-09-13,0,0
centralia correctional center,Shift 1,2025-09-13,0,0
centralia correctional center,Shift 2,2025-09-13,0,0
centralia correctional center,Shift 3,2025-09-13,0,0
danville correctional center,Shift 1,2025-09-13,0,0
danville correctional center,Shift 2,2025-09-13,0,0
danville correctional center,Shift 3,2025-09-13,0,0
decatur correctional center,Shift 1,2025-09-13,0,0
decatur correctional center,Shift 2,2025-09-13,0,0
decatur correctional center,Shift 3,2025-09-13,0,0
dixon correctional center,Shift 1,2025-09-13,0,0
dixon correctional center,Shift 2,2025-09-13,0,0
dixon correctional center,Shift 3,2025-09-13,0,0
east moline correctional center,Shift 1,2025-09-13,0,0
east moline correctional center,Shift 2,2025-09-13,0,0
east moline correctional center,Shift 3,2025-09-13,0,0
graham correctional center,Shift 1,2025-09-13,0,0
graham correctional center,Shift 2,2025-09-13,1,0
graham correctional center,Shift 3,2025-09-13,1,0
hill correctional center,Shift 1,2025-09-13,1,0
hill correctional center,Shift 2,2025-09-13,0,0
hill correctional center,Shift 3,2025-09-13,1,0
illinois river correctional center,Shift 1,2025-09-13,0,0
illinois river correctional center,Shift 2,2025-09-13,0,0
illinois river correctional center,Shift 3,2025-09-13,0,0
jacksonville correctional center,Shift 1,2025-09-13,0,0
jacksonville correctional center,Shift 2,2025-09-13,0,0
jacksonville correctional center,Shift 3,2025-09-13,0,0
joliet treatment center,Shift 1,2025-09-13,0,0
joliet treatment center,Shift 2,2025-09-13,0,0
joliet treatment center,Shift 3,2025-09-13,0,0
lawrence correctional center,Shift 1,2025-09-13,0,0
lawrence correctional center,Shift 2,2025-09-13,0,0
lawrence correctional center,Shift 3,2025-09-13,0,0
lincoln correctional center,Shift 1,2025-09-13,0,0
lincoln correctional center,Shift 2,2025-09-13,0,0
lincoln correctional center,Shift 3,2025-09-13,0,0
logan correctional center,Shift 1,2025-09-13,0,0
logan correctional center,Shift 2,2025-09-13,0,0
logan correctional center,Shift 3,2025-09-13,0,0
menard correctional center,Shift 1,2025-09-13,0,0
menard correctional center,Shift 2,2025-09-13,0,0
menard correctional center,Shift 3,2025-09-13,0,0
pinckneyville correctional center,Shift 1,2025-09-13,0,0
pinckneyville correctional center,Shift 2,2025-09-13,0,0
pinckneyville correctional center,Shift 3,2025-09-13,0,0
robinson correctional center,Shift 1,2025-09-13,0,0
robinson correctional center,Shift 2,2025-09-13,0,0
robinson correctional center,Shift 3,2025-09-13,0,0
shawnee correctional center,Shift 1,2025-09-13,0,0
shawnee correctional center,Shift 2,2025-09-13,0,0
shawnee correctional center,Shift 3,2025-09-13,0,0
sheridan correctional center,Shift 1,2025-09-13,0,0
sheridan correctional center,Shift 2,2025-09-13,0,0
sheridan correctional center,Shift 3,2025-09-13,0,0
southwestern illinois correctional center,Shift 1,2025-09-13,0,0
southwestern illinois correctional center,Shift 2,2025-09-13,0,0
southwestern illinois correctional center,Shift 3,2025-09-13,0,0
stateville correctional center,Shift 1,2025-09-13,0,0
stateville correctional center,Shift 2,2025-09-13,0,0
stateville correctional center,Shift 3,2025-09-13,0,0
taylorville correctional center,Shift 1,2025-09-13,0,0
taylorville correctional center,Shift 2,2025-09-13,0,0
taylorville correctional center,Shift 3,2025-09-13,0,0
vandalia correctional center,Shift 1,2025-09-13,0,0
vandalia correctional center,Shift 2,2025-09-13,0,0
vandalia correctional center,Shift 3,2025-09-13,0,0
vienna correctional center,Shift 1,2025-09-13,0,0
vienna correctional center,Shift 2,2025-09-13,0,0
vienna correctional center,Shift 3,2025-09-13,0,0
western illinois correctional center,Shift 1,2025-09-13,0,0
western illinois correctional center,Shift 2,2025-09-13,0,0
western illinois correctional center,Shift 3,2025-09-13,0,0
big muddy river correctional center,Shift 1,2025-09-14,0,0
big muddy river correctional center,Shift 2,2025-09-14,0,0
big muddy river correctional center,Shift 3,2025-09-14,0,0
centralia correctional center,Shift 1,2025-09-14,0,0
centralia correctional center,Shift 2,2025-09-14,0,0
centralia correctional center,Shift 3,2025-09-14,0,0
danville correctional center,Shift 1,2025-09-14,0,0
danville correctional center,Shift 2,2025-09-14,0,0
danville correctional center,Shift 3,2025-09-14,0,0
decatur correctional center,Shift 1,2025-09-14,0,0
decatur correctional center,Shift 2,2025-09-14,0,0
decatur correctional center,Shift 3,2025-09-14,0,0
dixon correctional center,Shift 1,2025-09-14,0,0
dixon correctional center,Shift 2,2025-09-14,0,0
dixon correctional center,Shift 3,2025-09-14,0,0
east moline correctional center,Shift 1,2025-09-14,0,0
east moline correctional center,Shift 2,2025-09-14,0,0
east moline correctional center,Shift 3,2025-09-14,0,0
graham correctional center,Shift 1,2025-09-14,0,0
graham correctional center,Shift 2,2025-09-14,0,0
graham correctional center,Shift 3,2025-09-14,0,0
hill correctional center,Shift 1,2025-09-14,1,0
hill correctional center,Shift 2,2025-09-14,1,0
hill correctional center,Shift 3,2025-09-14,0,0
illinois river correctional center,Shift 1,2025-09-14,0,0
illinois river correctional center,Shift 2,2025-09-14,0,0
illinois river correctional center,Shift 3,2025-09-14,0,0
jacksonville correctional center,Shift 1,2025-09-14,0,0
jacksonville correctional center,Shift 2,2025-09-14,0,0
jacksonville correctional center,Shift 3,2025-09-14,0,0
joliet treatment center,Shift 1,2025-09-14,0,0
joliet treatment center,Shift 2,2025-09-14,0,0
joliet treatment center,Shift 3,2025-09-14,0,0
lawrence correctional center,Shift 1,2025-09-14,0,0
lawrence correctional center,Shift 2,2025-09-14,1,0
lawrence correctional center,Shift 3,2025-09-14,1,0
lincoln correctional center,Shift 1,2025-09-14,0,0
lincoln correctional center,Shift 2,2025-09-14,0,0
lincoln correctional center,Shift 3,2025-09-14,0,0
logan correctional center,Shift 1,2025-09-14,0,0
logan correctional center,Shift 2,2025-09-14,0,0
logan correctional center,Shift 3,2025-09-14,0,0
menard correctional center,Shift 1,2025-09-14,0,0
menard correctional center,Shift 2,2025-09-14,0,0
menard correctional center,Shift 3,2025-09-14,0,0
pinckneyville correctional center,Shift 1,2025-09-14,0,0
pinckneyville correctional center,Shift 2,2025-09-14,0,0
pinckneyville correctional center,Shift 3,2025-09-14,0,0
robinson correctional center,Shift 1,2025-09-14,0,0
robinson correctional center,Shift 2,2025-09-14,0,0
robinson correctional center,Shift 3,2025-09-14,0,0
shawnee correctional center,Shift 1,2025-09-14,0,0
shawnee correctional center,Shift 2,2025-09-14,0,0
shawnee correctional center,Shift 3,2025-09-14,0,0
sheridan correctional center,Shift 1,2025-09-14,0,0
sheridan correctional center,Shift 2,2025-09-14,0,0
sheridan correctional center,Shift 3,2025-09-14,0,0
southwestern illinois correctional center,Shift 1,2025-09-14,0,0
southwestern illinois correctional center,Shift 2,2025-09-14,0,0
southwestern illinois correctional center,Shift 3,2025-09-14,0,0
stateville correctional center,Shift 1,2025-09-14,0,0
stateville correctional center,Shift 2,2025-09-14,0,0
stateville correctional center,Shift 3,2025-09-14,0,0
taylorville correctional center,Shift 1,2025-09-14,0,0
taylorville correctional center,Shift 2,2025-09-14,0,0
taylorville correctional center,Shift 3,2025-09-14,0,0
vandalia correctional center,Shift 1,2025-09-14,0,0
vandalia correctional center,Shift 2,2025-09-14,0,0
vandalia correctional center,Shift 3,2025-09-14,0,0
vienna correctional center,Shift 1,2025-09-14,0,0
vienna correctional center,Shift 2,2025-09-14,0,0
vienna correctional center,Shift 3,2025-09-14,0,0
western illinois correctional center,Shift 1,2025-09-14,0,0
western illinois correctional center,Shift 2,2025-09-14,0,0
western illinois correctional center,Shift 3,2025-09-14,0,0
big muddy river correctional center,Shift 1,2025-09-15,0,0
big muddy river correctional center,Shift 2,2025-09-15,0,0
big muddy river correctional center,Shift 3,2025-09-15,0,0
centralia correctional center,Shift 1,2025-09-15,0,0
centralia correctional center,Shift 2,2025-09-15,0,0
centralia correctional center,Shift 3,2025-09-15,0,0
danville correctional center,Shift 1,2025-09-15,0,0
danville correctional center,Shift 2,2025-09-15,0,0
danville correctional center,Shift 3,2025-09-15,0,0
decatur correctional center,Shift 1,2025-09-15,0,0
decatur correctional center,Shift 2,2025-09-15,0,0
decatur correctional center,Shift 3,2025-09-15,0,0
dixon correctional center,Shift 1,2025-09-15,0,0
dixon correctional center,Shift 2,2025-09-15,0,0
dixon correctional center,Shift 3,2025-09-15,0,0
east moline correctional center,Shift 1,2025-09-15,0,0
east moline correctional center,Shift 2,2025-09-15,0,0
east moline correctional center,Shift 3,2025-09-15,0,0
graham correctional center,Shift 1,2025-09-15,0,0
graham correctional center,Shift 2,2025-09-15,0,0
graham correctional center,Shift 3,2025-09-15,0,0
hill correctional center,Shift 1,2025-09-15,1,0
hill correctional center,Shift 2,2025-09-15,1,0
hill correctional center,Shift 3,2025-09-15,0,0
illinois river correctional center,Shift 1,2025-09-15,0,0
illinois river correctional center,Shift 2,2025-09-15,0,0
illinois river correctional center,Shift 3,2025-09-15,0,0
jacksonville correctional center,Shift 1,2025-09-15,0,0
jacksonville correctional center,Shift 2,2025-09-15,0,0
jacksonville correctional center,Shift 3,2025-09-15,0,0
joliet treatment center,Shift 1,2025-09-15,0,0
joliet treatment center,Shift 2,2025-09-15,0,0
joliet treatment center,Shift 3,2025-09-15,0,0
lawrence correctional center,Shift 1,2025-09-15,0,0
lawrence correctional center,Shift 2,2025-09-15,0,0
lawrence correctional center,Shift 3,2025-09-15,1,0
lincoln correctional center,Shift 1,2025-09-15,0,0
lincoln correctional center,Shift 2,2025-09-15,0,0
lincoln correctional center,Shift 3,2025-09-15,0,0
logan correctional center,Shift 1,2025-09-15,0,0
logan correctional center,Shift 2,2025-09-15,0,0
logan correctional center,Shift 3,2025-09-15,0,0
menard correctional center,Shift 1,2025-09-15,0,0
menard correctional center,Shift 2,2025-09-15,1,0
menard correctional center,Shift 3,2025-09-15,1,0
pinckneyville correctional center,Shift 1,2025-09-15,0,0
pinckneyville correctional center,Shift 2,2025-09-15,0,0
pinckneyville correctional center,Shift 3,2025-09-15,0,0
robinson correctional center,Shift 1,2025-09-15,0,0
robinson correctional center,Shift 2,2025-09-15,0,0
robinson correctional center,Shift 3,2025-09-15,0,0
shawnee correctional center,Shift 1,2025-09-15,0,0
shawnee correctional center,Shift 2,2025-09-15,0,0
shawnee correctional center,Shift 3,2025-09-15,0,0
sheridan correctional center,Shift 1,2025-09-15,0,0
sheridan correctional center,Shift 2,2025-09-15,0,0
sheridan correctional center,Shift 3,2025-09-15,0,0
southwestern illinois correctional center,Shift 1,2025-09-15,0,0
southwestern illinois correctional center,Shift 2,2025-09-15,0,0
southwestern illinois correctional center,Shift 3,2025-09-15,0,0
stateville correctional center,Shift 1,2025-09-15,0,0
stateville correctional center,Shift 2,2025-09-15,0,0
stateville correctional center,Shift 3,2025-09-15,0,0
taylorville correctional center,Shift 1,2025-09-15,0,0
taylorville correctional center,Shift 2,2025-09-15,0,0
taylorville correctional center,Shift 3,2025-09-15,0,0
vandalia correctional center,Shift 1,2025-09-15,0,0
vandalia correctional center,Shift 2,2025-09-15,1,0
vandalia correctional center,Shift 3,2025-09-15,0,0
vienna correctional center,Shift 1,2025-09-15,0,0
vienna correctional center,Shift 2,2025-09-15,0,0
vienna correctional center,Shift 3,2025-09-15,0,0
western illinois correctional center,Shift 1,2025-09-15,0,0
western illinois correctional center,Shift 2,2025-09-15,0,0
western illinois correctional center,Shift 3,2025-09-15,0,0
big muddy river correctional center,Shift 1,2025-09-16,0,0
big muddy river correctional center,Shift 2,2025-09-16,0,0
big muddy river correctional center,Shift 3,2025-09-16,0,0
centralia correctional center,Shift 1,2025-09-16,0,0
centralia correctional center,Shift 2,2025-09-16,0,0
centralia correctional center,Shift 3,2025-09-16,0,0
danville correctional center,Shift 1,2025-09-16,0,0
danville correctional center,Shift 2,2025-09-16,0,0
danville correctional center,Shift 3,2025-09-16,0,0
decatur correctional center,Shift 1,2025-09-16,0,0
decatur correctional center,Shift 2,2025-09-16,0,0
decatur correctional center,Shift 3,2025-09-16,0,0
dixon correctional center,Shift 1,2025-09-16,0,0
dixon correctional center,Shift 2,2025-09-16,0,0
dixon correctional center,Shift 3,2025-09-16,0,0
east moline correctional center,Shift 1,2025-09-16,0,0
east moline correctional center,Shift 2,2025-09-16,0,0
east moline correctional center,Shift 3,2025-09-16,0,0
graham correctional center,Shift 1,2025-09-16,0,0
graham correctional center,Shift 2,2025-09-16,0,0
graham correctional center,Shift 3,2025-09-16,0,0
hill correctional center,Shift 1,2025-09-16,0,0
hill correctional center,Shift 2,2025-09-16,0,0
hill correctional center,Shift 3,2025-09-16,1,0
illinois river correctional center,Shift 1,2025-09-16,0,0
illinois river correctional center,Shift 2,2025-09-16,0,0
illinois river correctional center,Shift 3,2025-09-16,0,0
jacksonville correctional center,Shift 1,2025-09-16,0,0
jacksonville correctional center,Shift 2,2025-09-16,0,0
jacksonville correctional center,Shift 3,2025-09-16,0,0
joliet treatment center,Shift 1,2025-09-16,0,0
joliet treatment center,Shift 2,2025-09-16,0,0
joliet treatment center,Shift 3,2025-09-16,0,0
lawrence correctional center,Shift 1,2025-09-16,1,0
lawrence correctional center,Shift 2,2025-09-16,0,0
lawrence correctional center,Shift 3,2025-09-16,0,0
lincoln correctional center,Shift 1,2025-09-16,0,0
lincoln correctional center,Shift 2,2025-09-16,0,0
lincoln correctional center,Shift 3,2025-09-16,0,0
logan correctional center,Shift 1,2025-09-16,0,0
logan correctional center,Shift 2,2025-09-16,0,0
logan correctional center,Shift 3,2025-09-16,0,0
menard correctional center,Shift 1,2025-09-16,0,0
menard correctional center,Shift 2,2025-09-16,1,0
menard correctional center,Shift 3,2025-09-16,1,0
pinckneyville correctional center,Shift 1,2025-09-16,0,0
pinckneyville correctional center,Shift 2,2025-09-16,1,0
pinckneyville correctional center,Shift 3,2025-09-16,0,0
robinson correctional center,Shift 1,2025-09-16,0,0
robinson correctional center,Shift 2,2025-09-16,0,0
robinson correctional center,Shift 3,2025-09-16,0,0
shawnee correctional center,Shift 1,2025-09-16,0,0
shawnee correctional center,Shift 2,2025-09-16,0,0
shawnee correctional center,Shift 3,2025-09-16,0,0
sheridan correctional center,Shift 1,2025-09-16,0,0
sheridan correctional center,Shift 2,2025-09-16,0,0
sheridan correctional center,Shift 3,2025-09-16,0,0
southwestern illinois correctional center,Shift 1,2025-09-16,0,0
southwestern illinois correctional center,Shift 2,2025-09-16,0,0
southwestern illinois correctional center,Shift 3,2025-09-16,0,0
stateville correctional center,Shift 1,2025-09-16,0,0
stateville correctional center,Shift 2,2025-09-16,0,0
stateville correctional center,Shift 3,2025-09-16,0,0
taylorville correctional center,Shift 1,2025-09-16,0,0
taylorville correctional center,Shift 2,2025-09-16,0,0
taylorville correctional center,Shift 3,2025-09-16,0,0
vandalia correctional center,Shift 1,2025-09-16,0,0
vandalia correctional center,Shift 2,2025-09-16,0,0
vandalia correctional center,Shift 3,2025-09-16,0,0
vienna correctional center,Shift 1,2025-09-16,0,0
vienna correctional center,Shift 2,2025-09-16,0,0
vienna correctional center,Shift 3,2025-09-16,0,0
western illinois correctional center,Shift 1,2025-09-16,0,0
western illinois correctional center,Shift 2,2025-09-16,0,0
western illinois correctional center,Shift 3,2025-09-16,0,0
